comment_id,comment_text,language,source_page,emotion,intent,response_tone,notes
21,উনাকে কোথায় পাবো? প্লিজ কেউ চিনে থাকলে উনার তথ্য দিন প্লিজ. I want to help her 🙏🏻🙏🏻,mixed,prothomalo,NEU,QUE,PRO,criticism of aid distribution
302,খেলে জিততে পারে না বাটপারি করে জেতার চেষ্টা মিরাজের,bengali,bangladesh_cricket,ANG,CRI,PRO,cheating to win Miraz
827,এখনও মনে আছে ❤️,bengali,pran_rfl,GP,SUP,FRI,
585,মনে হয় তানজিন তিশা নেশা করে ডিরেক্টরের বিছানা গরম করে দিছে তাই অপরাধীকে নির্দোষ প্রমাণ করার জন্য উঠে পড়ে লাগছে।,bengali,channel24_entertainment,GN,CRI,APO,disappointed fan
687,তবে যে যায় বলুন আপনাকে মানতে হবে জুলাই বিপ্লবের পর উনি প্রধান উপদেষ্টা না থাকলে আজ বাংলাদেশকে অন্য দেশ পরিচালনা করতো।,bengali,yunus_farewell,GP,SUP,FRI,
703,"After you are gone, the nation will realize what they have lost, farewell, legend.",english,yunus_farewell,GN,SUP,APO,
393,700 টাকার প্যানে 15০০ টাকা হলে কেমনে চলবে,bengali,fit_n_hot,ANG,COM,APO,700 taka pants now 1500 how
29,দূর্বলরা সবসময়ই হেরে যায় সবলের কাছে.... এই সব মানুষের জন্য বিশেষ ব্যবস্হা নেওয়া দরকার..... যেন তারা অবহেলার শিকার না হয়...,bengali,prothomalo,CON,CRI,PRO,practical suggestion
199,ami red colour nite cai jorjet moddhe plzz dekhau Apu,romanized,anayas_collection,NEU,QUE,PRO,product appreciation
394,চিটারি আমি অর্ডার দিয়েছিলাম আমাকে ফোন দিয়ে বলে যে আমার অর্ডারটা কনফার্ম করবে কিনা তো আমি করতে বলছি কিন্তু উনারা বলছে যদি দেখার পরে পছন্দ না হয় তাহলে ওদের নাকি ডেলিভারি চার্জ দিতে হবে,bengali,fit_n_hot,ANG,COM,APO,cheated order confirmed delivery charge given no combo
121,কি ভাবে অডার কনফার্ম করব,bengali,shajgoj,NEU,QUE,PRO,order confirmation query
170,Assalamualaikum dear 100 ml price please,mixed,shajgoj,NEU,QUE,PRO,product price query
425,বন্যেরা বনে সুন্দর শিশুরা মাতৃকোড়ে। এদের স্থান মহান সংসদে নয় অন্য কোন জায়গায়। মহান সংসদে বট আর গুপ্তরা সেটাই প্রমাণ করলেন।,bengali,tarique_rahman,GP,SUP,FRI,country first before party patriotic
210,আনস্টিড নেই আপু,bengali,anayas_collection,NEU,QUE,PRO,product or service query
758,My fvt. Ami pray e dekhi.🥰,romanized,pran_rfl,GP,SUP,FRI,
147,ঢাকা কোথায় পাওয়া যাবে,bengali,shajgoj,NEU,QUE,PRO,availability query
669,SR জব ছাড়া কোম্পানির ভিতরে কোনো জব নাই?,bengali,pran_rfl,NEU,QUE,PRO,
276,বাচ্চাদের মতো আচরণ করলো,bengali,bangladesh_cricket,GN,CRI,PRO,behaved like children
623,পুরাই হলিউড কায়দা বস তো বলিউডের ও হার মানায় দিবো,bengali,shakib_khan,GP,SUP,FRI,
368,"মানুষকে এগুলো বলে ডেলিভারি চার্জ নিয়ে তারপর আর কোন প্রোডাক্ট পাঠান না,,,, আজকের দিন সপ্তাহ হয়ে গেছে আমি একটা কম পড়া দিছি ডেলিভারি চার্জ দিতেছি আপনি এটা তো আমারে প্রোডাক্টটা দেনই নাই উল্টা আমার ফোন ধরেন না",bengali,irani_jewellery,ANG,COM,APO,took delivery charge no product phone not answered
28,সাংবাদিক শুধু ভিডিও টা করলেন।,bengali,prothomalo,ANG,CRI,PRO,criticizes corrupt middlemen
803,ছোটবেলার স্মৃতি 🥹,bengali,pran_rfl,GP,SUP,FRI,
208,Ager ta koto cilo apu,romanized,anayas_collection,NEU,QUE,PRO,product or service query
308,Miraz be like: যার জন্য করলাম চুরি সে ই বলে চোর।,mixed,bangladesh_cricket,SAR,TRO,IGN,Sakib er bhai bole kotha
42,আগে লাইনে দাঁড়ালে আগে আর পরে দাঁড়ালে পরে পাবে এই নিয়ম বাদ দিয়ে যারা বৃদ্ধ তাদের কে আগে দেয়া উচিৎ। আসলে আমাদের সিস্টেমে ভুল। এই বৃদ্ধা কে দেখে আমি আমার চোখের পানি ধরে রাখতে পারছি না। যিনি ভিডিও টি করেছিলেন তিনি নিজেই ওনাকে একটা ব্যাবস্থা করে দিতে পারতেন। আমাদের মধ্যে মনুষ্যত্ব কবে হবে?,bengali,prothomalo,GP,SUP,FRI,appreciates good work
604,নাটকের ভিতর নাটক,bengali,channel24_entertainment,SAR,TRO,IGN,disappointed fan
835,My favorite 😢🤍,english,pran_rfl,GP,SUP,FRI,
299,এইটা মহল্লার ক্রিকেটেও করে না মিরাজ একটা বিশ্রী খেলোয়াড়।,bengali,bangladesh_cricket,GN,CRI,PRO,Miraz horrible player mohalla cricket
73,একটা সময় আমি ও Genex Infosys এ কাজ করতাম। ইফতার নিয়ে বসেছি ঠিক তখনই কল চলে আসত। শরীর ক্লান্ত থাকলেও প্রতিটি কল সমান গুরুত্বের সাথে রিসিভ করতাম,bengali,grameenphone,GN,SUP,APO,bittersweet call center memory iftaar interrupted
113,ডেলিভারি চার্জ কতো,bengali,shajgoj,NEU,QUE,PRO,delivery charge query
102,না না,bengali,grameenphone,NEU,SUP,FRI,brief neutral reaction
71,অসংখ্য ধন্যবাদ গ্রামীণ ফোন কে,bengali,grameenphone,GP,SUP,FRI,thank you
479,কেউ নেই এগুলো দেখার,bengali,ahmadullah,GN,CRI,PRO,no one to look after these things
731,শেষমেষ বিএনপি হ্যাঁ ভোট না মানলে এত lengthy ইউনুস সরকার অর্থহীন হয়ে পড়ে।,bengali,yunus_farewell,GN,CRI,APO,
658,"মনে হচ্ছে তুফান, বরবাদ, মুভি গুলো থেকে ক্লিপ কেটে কেটে বানানো হয়েছে প্রিন্স 😂",bengali,shakib_khan,SAR,CRI,APO,
401,প্রডাক্ট পছন্দ না হলে ডেলিভারী ম্যানকে টাকা দিবে কে??,bengali,fit_n_hot,ANG,COM,APO,sent product returned still no replacement
752,মনে আছে ফুফির বাইত প্রাণ মিল্ক ক্যান্ডি ইয়া ইয়া ও 😆,bengali,pran_rfl,GP,SUP,FRI,
735,"আপনি থাকলে সাথে দেশের সপ্ন বাস্তবায়ন হতো, আপনি চলে গেলে তা কখনো সম্ভব হবেনা",bengali,yunus_farewell,GN,SUP,APO,
800,আমার ছোটবেলায় পছন্দের বিগ্গাপণ❤️,bengali,pran_rfl,GP,SUP,FRI,
398,ভাই আপনাদের সার্ভিস এতো স্লো কেন? অর্ডার দিয়েছি আজকে চার দিন হইছে কোন খবর নাই,bengali,fit_n_hot,ANG,COM,APO,service too slow 4 days no update
183,আপু অনেকদিন পর তোমাকে দেখলাম। তোমার কি বেবি হয়েছে,bengali,anayas_collection,NEU,QUE,PRO,product or service query
388,৭৫০ টাকা দেখলাম ডুকে দেখি ১৫০০ টাকা🙄,bengali,fit_n_hot,SAR,TRO,IGN,750 taka seen turns out 1500 price bait
528,তুকে তো গাজাখোর মতোই দেখা যায়। কথাবার্তায় বোঝো যায় সারাক্ষণ পিনীকে থাকো,bengali,channel24_entertainment,ANG,TRO,IGN,disappointed fan
146,ঢাকার বাহিরে ডেলিভারি চার্জ কত,bengali,shajgoj,NEU,QUE,PRO,delivery charge query
364,Ato khisu kora sas korli dalali 😂😂😂 promotion korbi agai kor 😂,romanized,tushar_imran,SAR,TRO,IGN,ato khisu dalali so much corruption
282,Sportsmanship boilaw akta jinish ase vai!! It was really bad by miraz! Really bad!,mixed,bangladesh_cricket,GN,CRI,PRO,sportsmanship is a thing really bad by Miraz
61,Sim replacement fee? Kto ekhn gp care e,romanized,grameenphone,NEU,QUE,PRO,sim replacement query
561,এতো কথা বলার কি আছে ভিডিও চলা কালীন সব হয়েছে তাহলে ভিডিও ফাঁস করে দে তাহলে তো সব পরিষ্কার হয় জাবে,bengali,channel24_entertainment,GN,TRO,IGN,disappointed fan
309,Cricket rules run out right. Gentleman game not out.,english,bangladesh_cricket,SAR,TRO,IGN,cricket rules run out right gentleman not out
44,উনার ঠিকানা টা দিতে পারবেন,bengali,prothomalo,GN,CRI,PRO,criticism of food quality
355,ভাই Sponser নিয়া যে টাকা খাইছেন তা সবাই বুঝে।🤣 আর আপনারে যেগুলো দিছে সব কিছু দেখানোর জন্য।তাই যেনো মানুষ কিনে আর টাকা নষ্ট করে🤣🤣,bengali,tushar_imran,ANG,CRI,PRO,sponsor money shows good products to deceive
272,পাকনামি করে আউট হবে আবার এখানে স্পোর্টসম্যানসিপ স্পিরিট দেখাতে আসছে।,bengali,bangladesh_cricket,ANG,CRI,PRO,angry Pakistan also played dirty in WC
298,এলাকার খেলা হইলে এতক্ষনে ফাটাফাটি হয়ে যেতো,bengali,bangladesh_cricket,SAR,TRO,IGN,area cricket would have broken out
706,স্যার যারা ঘু/ষ/খো/র বলতো অল্প সময়ের মধ্যে তাদের ঘু/ষে/র খবর আপনার কানে পৌঁছাতে পারে,bengali,yunus_farewell,SAR,TRO,IGN,
631,বরবাদ আর এই মুভির মধ্যে পার্থক্য কি থাকলো 😂,bengali,shakib_khan,SAR,TRO,IGN,
662,বরবাদ ই সেরা ছিলো যে যাই বলুক😊,bengali,shakib_khan,GP,SUP,FRI,
171,এটা কি চুলের জন্য?,bengali,shajgoj,NEU,QUE,PRO,product use query
373,এই দেখেন আমি মিথ্যা কথা বলি না ডিসেম্বরে ৮ তারিখে আমি অর্ডার দিছি দেখেন,bengali,irani_jewellery,ANG,COM,APO,proof December 8 order screenshot
607,এদেরকে কেউ যদি বলে পোষাকে শালীনতা নেই কেন? তখন এরা ন্যাংটা হয়ে বিশ্বকে দেখায়া বলবে আমার সমস্যা কোথায়?,bengali,channel24_entertainment,SAR,CRI,APO,angry fan or anti comment
416,ভাই আমি ব্রাজিলের জার্সি নিতে চাই কিভাবে নিব,bengali,jerseys,SAR,TRO,IGN,matha nosto jersey admiring reaction
717,ক্ষমতা সারা জীবন থাকে না কিন্তু আপনি তেমন কোন কাজ দেখাতে পারলেন না এটা ব্যর্থতা সারা জীবন বয়ে নিতে হবে আপনাকে,bengali,yunus_farewell,GN,CRI,APO,
253,আরো ডাক বাংলাদেশরে brother from another mother,mixed,bangladesh_cricket,ANG,TRO,IGN,brother from another mother
262,এটা কিভাবে ব্রিলিয়ান্ট হয়,bengali,bangladesh_cricket,NEU,QUE,PRO,how is this brilliant
64,বিশেষ ধন্যবাদ আমাদের গ্রামীণফোন সমস্ত কর্মীদের আল্লাহ তাআলা ভাল রাখুন,bengali,grameenphone,GP,SUP,FRI,thanks and prayer for staff
721,"এটা অন্ধের দেশ স্যার এখানে আপনে এসেছিলেন আয়না বিক্রি করতে!! নক্ষত্রও বিদায় নেয়, কিন্তু তার জ্যোতি থেকে যায় অনন্তকাল।",bengali,yunus_farewell,GN,SUP,APO,
533,তুমি যে কেমন জিনিস এটা মনে হয় আমরা জানি না,bengali,channel24_entertainment,ANG,CRI,APO,disappointed fan
791,mojar mojar candy,romanized,pran_rfl,GP,SUP,FRI,
60,চমৎকার,bengali,grameenphone,GP,SUP,FRI,simple praise
491,আচ্ছা এই অফার কিভাবে নিব,bengali,kfc_bangladesh,NEU,QUE,PRO,how to avail offer
600,তানজিন তিশা গাজা খায় এটা সঠিক,bengali,channel24_entertainment,GN,CRI,APO,disappointed fan
794,mone ache BTV te add?,romanized,pran_rfl,GP,QUE,FRI,
630,"সত্য কথা কইতে ভাই মজা পাইলাম না, এখানে আরেকটু বেশি কিছু মসলা দরকার ছিল!! 😐 কিন্তু আশা করি মুভিতে সেই মসলাটা থাকবে!!",bengali,shakib_khan,GN,CRI,APO,
461,"সারা বাংলাদেশ জেনে গেছে বর-কনের নিহতের ঘটনা, কিন্তু কয়জনে জানে—তাদের প্রাণগুলো ঝরেছে বাংলাদেশ নৌবাহিনীর বাসের সাথে ধাক্কা খেয়ে! মিডিয়াগুলো সবসময় ঘাতককে আড়াল করে নিরাপত্তা বলয় তৈরি করে দেয়",bengali,ahmadullah,ANG,CRI,PRO,whole BD knows no one knows navy bus at fault media covers up
807,স্কুল শেষে টিভি তে এসব নানান সব দেখতাম যা আজ টাকা দিয়েও কেনা সম্ভব নয়,bengali,pran_rfl,GP,SUP,FRI,
418,তাইলে বুট চুরি করছে কে,bengali,tarique_rahman,GP,SUP,FRI,Bangladesh lucky to have this PM
365,তোশার ভাইয়ের সব কিছু তে ফানি,bengali,tushar_imran,GP,SUP,FRI,Tushar bhai funny in everything
639,নিজের সাথে নিজের প্রতিযোগিতা চলছে 😊,bengali,shakib_khan,NEU,SUP,FRI,
436,"আস্লামালাইকুম নয়, আসসালামু আলাইকুম বলুন, উচ্চারণ অশুদ্ধ আপনার সাথে যায় না।",bengali,tarique_rahman,GP,SUP,FRI,17 years waiting alhamdulillah
602,তুমি অনেক উগ্র,bengali,channel24_entertainment,GN,CRI,APO,disappointed fan
813,একন এই চকলেট পাওয়া জায় না,bengali,pran_rfl,GN,COM,APO,
748,কিন্তু রাস্তা দেখালেন কিন্তু জনগণের রায়কে পূর্ণাঙ্গ রূপ দিতে পারলেন না,bengali,yunus_farewell,GN,CRI,APO,
351,Dalal 🤣,english,tushar_imran,ANG,TRO,IGN,dalal paid shill
259,Real sportsmanship bhaichara on top,mixed,bangladesh_cricket,SAR,TRO,IGN,sarcastic bhaichara
661,"বাংলাদেশের বর্তমান মুভি মানেই, ""ডুম ডুম ডেডাউ"" 😀",bengali,shakib_khan,SAR,CRI,APO,
396,ভাই মাল না দিতে পারলে পেজটি ব্লক করে দেন,bengali,fit_n_hot,SAR,COM,APO,block the page if you cannot deliver
57,হুম খুব ভালো লাগে যখন কোন সমস্যা হয় তখনি শুধু মেসেজ দেয় আর সেবা পাই,bengali,grameenphone,SAR,COM,APO,sarcastic only contacts when problems
548,তানজিন তিশার দ্বারা সবই সম্ভব,bengali,channel24_entertainment,ANG,CRI,APO,disappointed fan
719,জুলাই সনদ সম্পর্কে তো কিছু বললেন না,bengali,yunus_farewell,PA,CRI,PRO,
130,Keo ki Bolte parben kon flavour ta beshi Valo r strong?,romanized,shajgoj,NEU,QUE,PRO,product recommendation query
19,Rather than just posting you could have helped her or arrange her contact,english,prothomalo,PA,CRI,APO,could have helped instead of filming
729,#JusticeForHadi,english,yunus_farewell,ANG,COM,APO,
446,এই ফর্মূলা আবিষ্কারের তিন বছর হয়ে গেলো!! কেউ কথা রাখেনি!! হিসাব দিতে হবে!!,bengali,tarique_rahman,GP,SUP,FRI,mother speech echo in son touching
36,দয়া করে এই মহিলার নাম্বারটা দেন অথবা ঠিকানা দেন।,bengali,prothomalo,CON,QUE,PRO,sarcastic about development
248,Big Achievement for Bangladesh they got sir Brain Symonds Ali Agha out,english,bangladesh_cricket,SAR,TRO,IGN,sarcastic achievement
343,Nice 🥱,english,samsung,SAR,TRO,IGN,Nice bored emoji sarcastic
624,এটাতেও শাকিব খান এর ডাবল একটিং,bengali,shakib_khan,GN,CRI,APO,
265,Changladeshi is showing his original face,english,bangladesh_cricket,ANG,TRO,IGN,Changladeshi showing original face
435,ইতিহাসের আরেক গাদ্দার,bengali,tarique_rahman,GP,SUP,FRI,Tarique as PM no need for opposition
404,অর্ডার করছি ৫দিন হলো এখনো কেন আসে নাই,bengali,fit_n_hot,GP,SUP,FRI,got today very nice
523,আমার প্রানের দেশের প্রানের সাংবাদিক ভাইয়েরা আপনারা এই রমজান মাসে এই সব পাপীদের মুখ আমাদের না দেখাইয়া ভাল কিছু দেখান,bengali,channel24_entertainment,CON,COM,APO,disappointed fan
174,Dam koto all,romanized,shajgoj,NEU,QUE,PRO,price query
89,সাত দিন মেয়াদ না দিয়ে এক মাসের মেয়াদ দিলেই তো পারেন,bengali,grameenphone,CON,CRI,PRO,requests 30-day validity
643,একজন শাকিবিয়ান হয়ে বলছি! সব কিছু ঠিক ঠাক হলেও বরবাদের অনেক কিছু কপি হয়েছে 🙂,bengali,shakib_khan,PA,CRI,PRO,
30,ওনার সাথে যোগাযোগ করার সুযোগ আছে?,bengali,prothomalo,NEU,QUE,PRO,sad about elderly ignored
809,তোমার ছোটবেলার ছোট্ট একটা অংশ,bengali,pran_rfl,GP,SUP,FRI,
657,তুফান > বরবাদ > তান্ডব >>>>>>>>>> প্রিন্স,bengali,shakib_khan,SAR,TRO,IGN,
303,গরীবের পোলাপান যখন ইংল্যান্ড এর মতো রাজাদের ক্রিকেট খেলে তখনি এমনি হবে,bengali,bangladesh_cricket,SAR,TRO,IGN,poor kids playing England cricket
738,বিএনপি সংবিধান সংস্কার পরিষদের শপথ না নিয়ে 24 এর জুলাইয়ে শহীদদের ও জাতির সাথে বেইমানি করছে।,bengali,yunus_farewell,ANG,CRI,APO,
38,বয়স যাদের ষাটোর্ধ তাদের জন্য কোন লাইন লাগবে না এমন আইন করা হোক,bengali,prothomalo,CON,COM,PRO,systemic concern
756,আসল হিরো 🔥,bengali,pran_rfl,GP,SUP,FRI,
550,Tumi je shukaiso tumi ganja khor e,romanized,channel24_entertainment,GN,CRI,APO,disappointed fan
455,কে শুনে কার কথা রাস্তায় বের হলে সবাই নেতা। যার যার নিজ গতিতে সেই চলাফেরা করে,bengali,ahmadullah,SAR,TRO,IGN,who hears whom everyone is leader on road
730,২১ লক্ষ হাজার কোটি টাকা লুট করা শেষ,bengali,yunus_farewell,SAR,TRO,IGN,
311,That's why he have not a world cup trophy,english,bangladesh_cricket,SAR,TRO,IGN,thanks for making pajeets happy
679,ধ্বংসস্তূপ থেকে ফিনিক্স পাখির মতো জেগে ওঠা এক মহাকাব্যিকের পরিসমাপ্তি ❤️,bengali,yunus_farewell,GP,SUP,FRI,
770,"শৈশব, এ আমার পছন্দের এড ছিল এটা🥺",bengali,pran_rfl,GP,SUP,FRI,
649,শুধু গোলাগুলি করলেই সিনেমা হয়ে যায় না,bengali,shakib_khan,CON,CRI,PRO,
549,Tisha apni khub 1ta valo manush na shobay Jane.,romanized,channel24_entertainment,SAR,TRO,IGN,disappointed fan
55,আমার ব্যক্তিগত একটি প্রশ্ন আছে এখানে। সাংবাদিক ভিডিও করেছে একজন দুস্থ অসহায় মানুষের দৃশ্য ধারণ করেছে। সাংবাদিকের উপস্থিতিতে একজন অসহায় মানুষ টিসিবির পণ্য পায়নি না পেয়ে ফিরে গিয়েছে। আর সাংবাদিক তাকে কোন প্রকারের সাহায্য ও সহযোগিতা না করে শুধুমাত্র দৃশ্য ধারণ করেছে।,bengali,prothomalo,GN,CRI,APO,sadness at poverty
732,জুলাই শপথ গ্রহণ করেনি জুলাই গাদ্দারা।,bengali,yunus_farewell,ANG,CRI,APO,
148,Chandpur delivery charge koto??,romanized,shajgoj,NEU,QUE,PRO,delivery charge query
424,বিএনপিকে ভালোবাসি কিন্তু দলের ভিতরে থাকা হাইব্রিড এবং সুবিধাবাদীদেরকে ঘৃণা করি,bengali,tarique_rahman,SAR,TRO,IGN,same parliament same owners only ownership changed
727,বারবার রমজান মাসে জিনিসপত্রের দাম এমন ভাবে বাড়ে মনে হয় যে একবারে দেশটি দেউলিয়া হয়ে গেছে,bengali,yunus_farewell,GN,CRI,APO,
423,এই দিনটি দেখার জন্য হাজার হাজার দিন নির্যাতিত হয়েছি আলহামদুলিল্লাহ তাতে কোন কষ্ট নেই,bengali,tarique_rahman,SAR,TRO,IGN,viral hote bolo sarcastic self-promotion
386,ধুর মিয়া অর্ডার দিলাম মাল পেলাম না,bengali,fit_n_hot,ANG,COM,APO,ordered no call no delivery
799,ওরে আল্লাহ আমার সবচেয়ে পছন্দের ক্যান্ডি ছিলো,bengali,pran_rfl,GP,SUP,FRI,
258,ব্যাপার নাহ পাক-বিডি ভাই-ভাই,bengali,bangladesh_cricket,SAR,TRO,IGN,no problem pak-BD brothers
645,"আমি একজন সাকিবিয়ান হয়ে বলছি, এর থেকে বেটার আসা করছিলাম। কেমন যেন VFX, ভিজুয়াল, এলোমেলো মনে হলো।",bengali,shakib_khan,GN,CRI,APO,
16,অনেক আবেগঘন একটি প্রতিবেদন!! সাংবাদিকতা এবং দেশপ্রেমের এক অনন্য নিদর্শন।,bengali,prothomalo,GP,SUP,FRI,praises journalism
609,Tumi shudhu gaja khor na mod khor o,romanized,channel24_entertainment,SAR,TRO,IGN,disappointed fan
578,চেমরি পুরো কথা বললে বাংলায় বল নাইলে ইংলিশে বল একটু ইংলিশ একটু বাংলায় এসহাদা,bengali,channel24_entertainment,ANG,CRI,APO,disappointed fan
220,Size বলে দিয়েন,bengali,anayas_collection,NEU,QUE,PRO,product appreciation
478,আমার বাড়ির কাছেই হয়েছে এইটা যেয়ে দেখেছি যা সহ্য করার মতো এমন কোনো মানুষ নাই যে কান্না করেনি,bengali,ahmadullah,GN,CRI,PRO,saw this with my own eyes everyone was crying
766,ছোটবেলার কথা মনে পড়ে গেলো।,bengali,pran_rfl,GP,SUP,FRI,
213,যারা তোমার থেকে ড্রেস নিবে না সে বুঝবে না যে তোমার ড্রেস কত ভালো কুয়ালিটি মাশাল্লাহ,bengali,anayas_collection,GP,SUP,FRI,wrong or disappointing product received
526,দেখলেই বোঝা যায় গাজাখোর,bengali,channel24_entertainment,ANG,CRI,IGN,disappointed fan
204,তোমার থেকে নং নিয়ে নিশি আপুর সাথে দুই বছর ধরে আছি। ঘর ভরা ক্লাসি গুডস এর ড্রেস। তোমাকেও দেখি কথা বলি না,bengali,anayas_collection,GN,COM,APO,wrong or disappointing product received
69,যৌবনের প্রথম পথচলা গ্রামিন সিমের সাথে সেই ২০১৩ সাল থেকে এখনো একটাই নিয়ে আছি,bengali,grameenphone,GP,SUP,FRI,long-term loyalty story
406,যেমন দেখাচ্ছে তেমন হবেতো??,bengali,fit_n_hot,ANG,COM,APO,3 days delivery circling did not deliver
708,আপনি চলে যাচ্ছেন কিন্তু জনগণের কি হবে? সাধারণ জনগণ কি ভালো থাকবে?,bengali,yunus_farewell,CON,QUE,PRO,
572,Tisa neshakhur age theke Jana,romanized,channel24_entertainment,SAR,TRO,IGN,disappointed fan
348,Apnader moto youtuber ba vloger der valo product e dibe karon hocche apnader er review diben....er jonno but amra jodi kinte jai pater bosta chara kicu pabo na karon amra to r review dibo na,romanized,tushar_imran,CON,CRI,PRO,content creators get good products public gets nothing
462,নৌবাহিনীর চালককে দ্রুত গ্রেফতার করে বিচারের দাবি জানাচ্ছি,bengali,ahmadullah,ANG,COM,APO,demand navy driver arrested and tried
334,Made in Vietnam naki Malaysia,romanized,samsung,NEU,QUE,PRO,made in Vietnam or Malaysia
457,"যেদিন দালাল মুক্ত দেশ হবে সেদিন বাংলাদেশের সব কিছুই ঠিক হবে, যেই দেশে টাকা থাকলে ঘরে শুয়ে ড্রাইভিং লাইসেন্স পাওয়া যায়, সেদেশে প্রতিনিয়ত দূর্ঘটনা হওয়াটা অস্বাভাবিক কিছু না।",bengali,ahmadullah,ANG,CRI,PRO,dalal-free country will fix everything license bought at home
635,সাকিব খান হারায়নি সাকিব খান ফিরেছে বরং আগের থেকে বহুগুণে আগুন হয়ে ফিরেছে।,bengali,shakib_khan,GP,SUP,FRI,
131,Vaiya offer ta ki aca akn o,romanized,shajgoj,NEU,QUE,PRO,offer availability query
138,Delivery charge koto?,romanized,shajgoj,NEU,QUE,PRO,delivery charge query
680,আমি মনে করি রাষ্ট্রের সবোর্চ্চ ক্ষমতা ধর ব্যক্তি কে সবোর্চ্চ শিক্ষিত এবং সবোর্চ্চ ডিগ্রি ধারী হওয়া উচিত সেই সাথে leadership এর গুনাবলী ও থাকতে হবে,bengali,yunus_farewell,CON,CRI,PRO,
111,কয় দিনের মধ্যে হাতে পাবো,bengali,shajgoj,NEU,QUE,PRO,delivery time query
66,গ্রামীণফোন প্রথম গ্রামীণফোন সেরা,bengali,grameenphone,GP,SUP,FRI,brand loyalty praise
413,ভাই দেশের বাইরে পাইকারি দেওয়া যাবে?,bengali,jerseys,NEU,QUE,PRO,price query
776,শৈশব 😢,bengali,pran_rfl,GP,SUP,FRI,
141,এখানে কোনটার স্মেল টা বেশি ভালো হবে,bengali,shajgoj,NEU,QUE,PRO,fragrance recommendation
573,যেভাবে আমরা চিনলাম আপনাকে হাবিব ওয়াহিদ এর মাধ্যমে,bengali,channel24_entertainment,ANG,CRI,APO,disappointed fan
740,প্রথমেই জুলাই এর সাথে গাদ্দারি,bengali,yunus_farewell,ANG,CRI,APO,
447,"ফ্যামেলি কার্ড যে দিলেন,, আমরা পাবো না কেনো? পরিবারের সরকারি চাকরি জীবি থাকলে নাকি দিবেন না,, এখন সরকারি চাকরিজীবিদের বেতন আর কতো দেন",bengali,tarique_rahman,GP,SUP,FRI,different PM 15 years under fascist
235,And they say's we are brother's,english,bangladesh_cricket,SAR,TRO,IGN,sarcasm about brotherhood
12,ক্ষুদ্র রাজ্যে পৃথিবী গদ্যময়।,bengali,prothomalo,NEU,SUP,FRI,philosophical observation
184,আপু ক্রিম কালার এর দেখান,bengali,anayas_collection,NEU,QUE,PRO,product or service query
532,লজ্জার ভ্যাক্সিন এদের দেওয়া উচিৎ।,bengali,channel24_entertainment,SAR,TRO,IGN,disappointed fan
449,"সংসদে গে'ঞ্জাম লাগছে, ভিপি নূর ঠিক আছে নাকি! কেউ একটু জানান 😬",bengali,tarique_rahman,CON,CRI,PRO,party division fine but do not make it ugly
400,আমি ভুল করে একটা অর্ডার করতে গিয়ে তিনটা করে ফেলেছি। এখন কি করবো,bengali,fit_n_hot,CON,QUE,PRO,who pays delivery if not liked
77,Missing those days,english,grameenphone,GN,SUP,APO,missing old days
836,sei chotto belay emn add gular jonno wait kortam btv te,romanized,pran_rfl,GP,SUP,FRI,
817,roola diya reee🥲,romanized,pran_rfl,GP,SUP,FRI,
695,আপনি শিয়ালের কাছে মুরগী পালন করতে দিলেন।,bengali,yunus_farewell,ANG,CRI,APO,
241,It's just a brotherly love shown by Bangladesh to Pakistan,english,bangladesh_cricket,SAR,TRO,IGN,sarcastic brotherhood comment
48,নিশ্চয়ই আল্লাহ যা করেন ভালোর জন্যই করেন হইতো এই ভিডিও বার্তায় তার অসহায়ত্ব সবার সামনে আসছে,bengali,prothomalo,GN,CRI,PRO,sadness and concern
25,বৃদ্ধ রা লাইন ছাড়া নিবে,bengali,prothomalo,NEU,CRI,PRO,angry at TCB subsidy misuse
641,এইটা কি তুফান মুভির সিকুয়েল?,bengali,shakib_khan,NEU,QUE,PRO,
499,"Niye ashlam ektu age giye, 20 tk te kaveri 2016 te amr frnd ene dio, r ekhn 2026 ese aro 1 tk kome pelam",romanized,budget_beauty,GP,SUP,FRI,kaveri 2016 now 2026 nostalgic loyalty
621,একেই বলে কিং খান হেটার্স রা এবার দেখ হিরো কাকে বলে,bengali,shakib_khan,SAR,TRO,IGN,
88,মেয়াদ কম হয়ে গেছে ৩০ দিন হলে ভালো হতো,bengali,grameenphone,CON,CRI,PRO,validity too short
536,She takes yaba too,english,channel24_entertainment,SAR,TRO,IGN,disappointed fan
778,চাইলহুড ইমোশন😂,mixed,pran_rfl,GP,SUP,FRI,
380,আমি ব্যবসা করি আপনার দোকান কোথায়,bengali,irani_jewellery,CON,QUE,PRO,want to do business where is shop
292,ক্রিকেট খেলা ইমোশন দিয়ে চলে না এটা ক্রিকেট,bengali,bangladesh_cricket,CON,CRI,PRO,cricket runs on logic not emotion
256,দুইটাই জোকার টিম,bengali,bangladesh_cricket,SAR,TRO,IGN,both are joker teams
819,ছোট বেলার আবেগ,bengali,pran_rfl,GP,SUP,FRI,
576,এই নায়িকার ব্যবহার অনেক বাজে,bengali,channel24_entertainment,SAR,TRO,IGN,disappointed fan
143,ময়েশ্চারাইজার লিপলিনের সাওয়ার জেল দাম কত হবে,bengali,shajgoj,NEU,QUE,PRO,product price query
153,ডেলিভারি চাজ সহ কত,bengali,shajgoj,NEU,QUE,PRO,delivery charge query
428,"মাননীয় প্রধানমন্ত্রী এত রিডিং পড়লে স্পিড অস্পষ্ট থেকে যায়, কিছু জিনিস নিজের আবেগ থেকে দেশের ভালোবাসা থেকে বলুন।",bengali,tarique_rahman,GP,SUP,FRI,parliament feels good now before it angered
321,আমি নিছি,bengali,samsung,GP,SUP,FRI,bought it
371,আপনার আগের টাকা নেয়ার পর তারপর প্রোডাক্ট দেন না,bengali,irani_jewellery,ANG,COM,APO,took money then no product
50,কারো সামর্থ থাকলে এই মানুষ টাকে সাহায্য করেন🥹,bengali,prothomalo,ANG,CRI,PRO,angry at politicians not helping
659,Ek dhacher cinema dekhte dekhte hotash na holei hoy...,romanized,shakib_khan,GN,CRI,APO,
733,আমি ওনার বিদায়ে অনেক কেঁদেছি!!!,bengali,yunus_farewell,GP,SUP,FRI,
390,অর্ডার করেছিলাম। কেউ যোগাযোগ করে নাই বা মাল সরবরাহ করা হয় নি। ৪/৫ দিন হয়ে গেল।,bengali,fit_n_hot,ANG,COM,APO,ordered no contact 4-5 days
97,১৫ বছর ধরে আমাদের রক্ত চুষছে গ্রামীণফোন! ১৫ বছর ধরে আটকে রেখেছে ৫% পেনাল্টি টাকা। শান্তিপূর্ণ আন্দোলনে পুলিশ দিয়ে হামলা চালিয়ে গ্রেপ্তার করেছে ১১ জনকে,bengali,grameenphone,ANG,COM,APO,15 years of overcharging angry complaint
385,আজকে হাতে পেলাম ২ টা পেন্ট নিয়েছি একটা প্যান্ট এর পকেট ছেড়া😭 বাকি সবই ভালো আছে,bengali,fit_n_hot,GN,COM,APO,received one pocket torn
87,সব ঠিক আছে তবে মেয়াদ টা একটু বারালে ভালো হতো,bengali,grameenphone,CON,CRI,PRO,validity too short mild criticism
32,এই একজনের না হয় নিলাম 😊😊।,bengali,prothomalo,CON,CRI,PRO,suggests reform
452,মাওনা গাজিপুর এ কি এই অফার নাই?,bengali,sultans_dine,NEU,QUE,PRO,price query
513,দুইটাই পিনিকে আছে দেইখাই বুঝা যায়তেছে,bengali,channel24_entertainment,GN,CRI,APO,disappointed fan
545,গাজা খাইলে খাইছেন আর কি এটা কি নিয়ে এত তোল পার কি আছে আপনারা এর বেশি কিছু খান। এত ধোয়া তুলশী পাতা না আপনারা,bengali,channel24_entertainment,GN,CRI,APO,disappointed fan
694,স্যার এই দেশ আবারও অচল হয়ে যাবে। আপনি থেকে যান। এই দেশের মানুষের কথা চিন্তা করে। প্লিজ,bengali,yunus_farewell,CON,COM,PRO,
46,আমার নিজের জন্য তেমন বড় কোনো স্বপ্ন নেই।কিন্তু এমন অর্থের মালিক হতে চাই জেনো দুই হাত ভরে অসহায় মানুষদের সহযোগিতা করতে পারি।,bengali,prothomalo,CON,CRI,PRO,concern about future
540,তুমরা যে মদ গাজা খেতেই থাক তুমাগো দেখলেই বুঝা যায়,bengali,channel24_entertainment,GN,CRI,APO,disappointed fan
346,This is an impressive offer.,english,samsung,GP,SUP,FRI,impressive offer
793,এই বিজ্ঞাপন টা দেখেই খেয়েছিলাম😝,bengali,pran_rfl,GP,SUP,FRI,
689,"ব্যক্তি চেয়ে দল বড়, দলের চেয়ে দেশ বড়। একমাত্র উত্তম ব্যক্তি হলেন প্রফেসর ডক্টর মোহাম্মদ ইউনুস রাষ্ট্রপতির দায়িত্ব পাওয়া উচিত",bengali,yunus_farewell,GP,SUP,FRI,
426,"বি এলার্ট স্যার, যাদের সুযোগ দিয়ে মাথায় তুলতেছেন তারা সুযোগের শতভাগ ব্যবহার করে আপনাকে সংকটে ফেলতে বিন্দুমাত্র চিন্তা করবে না। এটা আমাদের বাঙ্গালী ব্লাড এর গুন।",bengali,tarique_rahman,GP,SUP,FRI,this generation is truthful praising youth
734,হাদি হত্যার বিচার কি হবে।,bengali,yunus_farewell,CON,QUE,PRO,
422,"সব সংসদ সদস্যদের মনে রাখতে হবে , তারা জনপ্রতিনিধি, তাদেরকে জনগণ ভোট দিয়ে সংসদে পাঠিয়েছে জনস্বার্থে কথা বলতে ও কাজ করতে , ব্যক্তি ও দলের স্বার্থে নয়।",bengali,tarique_rahman,CON,CRI,PRO,everyone must stay in own lane wise
490,আরো কিছুদিন আগে নিয়েছিলাম এটা কিন্তু আমি মিল পাইনি আমার জন্য কে এফ সির বার্গার ই বেস্ট,bengali,kfc_bangladesh,GP,SUP,FRI,KFC burger is best loyal customer
214,Apu sorum kothai,romanized,anayas_collection,NEU,QUE,PRO,product or service query
579,এই মেয়েটাকে দেখলেই কেমনজানি নেশাখোর মনে হইতো যাক এখন এটা সত্য প্রমাণ হইল,bengali,channel24_entertainment,SAR,TRO,IGN,disappointed fan
483,স্বাধীনতার ৫০ বছর হয়ে গেছে। আর আমাদের দেশের রাস্তাই এখনো ঠিক হয়নাই। কতটা দুর্নীতি হলে এমন হতে পারে?,bengali,ahmadullah,CON,CRI,PRO,this road is very dangerous seen it
110,Apu innseai low pH micellar water Kobe stock e anben,romanized,shajgoj,NEU,QUE,PRO,stock availability query
725,সৈরাচার ৩.০ স্টারটিং,bengali,yunus_farewell,SAR,TRO,IGN,
340,Bro price? And exchange possible with I phone 13 cash add korbo,romanized,samsung,NEU,QUE,PRO,exchange possible with iPhone 13
557,না মারলে কোন কইলো নি অন এ সত্যিই তোমি মেরেছো আমার বোন টাকে আর এখন এসেছে দশ্যকের কাছে যেন সবাই মিথ্যা মনে করে,bengali,channel24_entertainment,GN,TRO,IGN,disappointed fan
517,ডোপ টেস্ট করলে বুজা যাবে গাজা খাইলো কিনা,bengali,channel24_entertainment,CON,CRI,PRO,disappointed fan
202,Apu ready dekan,romanized,anayas_collection,NEU,QUE,PRO,product or service query
440,জুলাই সনদের সাথে গাদ্ধারী করলে সংসদ ঘেরাও হবে শীগ্রই,bengali,tarique_rahman,PA,CRI,PRO,too much reading speak from heart
814,এখন আর এই চকলেট পাওয়া যায় না 💔,bengali,pran_rfl,GN,COM,APO,
231,Good collection,english,anayas_collection,GP,SUP,FRI,product or service query
785,আমাকে এক পেকেট দেন এ নেন টাকা 🐸🥴,bengali,pran_rfl,SAR,TRO,IGN,
784,শৈশব,bengali,pran_rfl,GP,SUP,FRI,
15,আমি আমার শহরে 8 তলা বাসার মালিককে টিসিবির পণ্য সংগ্রহ করতে দেখেছি লাইনে দাঁড়িয়ে থেকে। আর বৃদ্ধ মানুষটি কি অসহায় ভাবে তাকিয়ে আছে! এ লজ্জা রাখিব কোথায়!,bengali,prothomalo,ANG,CRI,PRO,angry at wealthy abusing TCB
608,ভালো করে দেখেন এখনো পিনিকে আছে!,bengali,channel24_entertainment,ANG,CRI,APO,sarcastic comment about celebrity
182,Onek valo product paici sem to sem item,romanized,shajgoj,NEU,QUE,PRO,general availability query
114,Delivery charge free den,romanized,shajgoj,CON,CRI,PRO,requests free delivery
347,মানুষ হোনমারিন্না প্রমোট করা বিজ্ঞাপন.. 🥱🥱,bengali,tushar_imran,ANG,CRI,PRO,promotes advertisement annoyed
521,আচ্ছা তানজিন তিশা কি টেরা নাকি আমার কাছে তো ওনাকে একদম টেরা মনে হচ্ছে।,bengali,channel24_entertainment,GN,CRI,IGN,disappointed fan
84,বাহ অসাধারণ,bengali,grameenphone,GP,SUP,FRI,praise
293,এটা বাংলাদেশেই সম্ভব,bengali,bangladesh_cricket,SAR,TRO,IGN,only possible in Bangladesh
181,১২ সো টাকার কমবো চাই,bengali,shajgoj,NEU,QUE,PRO,product availability query
698,Apnar jonno mon theke doya ebong shuvo kamona roilo apnake cinte parlo na ei murkho jati .....boroi apsos,romanized,yunus_farewell,GN,SUP,APO,
317,Joker miraz,english,bangladesh_cricket,ANG,TRO,IGN,nigrami romanized
175,Aysedu r faduson lus paoder r spray price kto hbe,romanized,shajgoj,NEU,QUE,PRO,product price query
349,Fake video,english,tushar_imran,GN,COM,APO,fake video
219,Cotton এর কাজ করা জামা দেখান,bengali,anayas_collection,NEU,QUE,PRO,product or service query
805,Ami ai ad dekhar jonno bose thaktam,romanized,pran_rfl,GP,SUP,FRI,
764,সেই অতীতের এডগুলো কে এখনো অনেক মিস করি,bengali,pran_rfl,GP,SUP,FRI,
535,বসছে সকল দালালেরা এগুলো কে দেখেই মনে হচ্ছে সব বাটপারি বানিয়ে বানিয়ে কথা বলছে,bengali,channel24_entertainment,GN,CRI,APO,disappointed fan
580,চোরের মার বড় গলা নেশাখোর আবার প্রতিবাদও করে,bengali,channel24_entertainment,GN,CRI,APO,disappointed fan
24,Unar sathe jogajog korar kono way ace?,romanized,prothomalo,NEU,QUE,PRO,policy suggestion
610,জগন্য একটা মহিলা দেখলেই কেমনজানি বিরক্ত লাগে,bengali,channel24_entertainment,GN,CRI,APO,disappointed fan
811,ছোটবেলার কথা মনে পড়ে গেল 😢,bengali,pran_rfl,GP,SUP,FRI,
583,তিশা গাঁজা খেতে পারে সন্দেহের কিছু নাই ফারহানের সাথে পুতুপুতু আর রাজ এর সাথে আমেরিকায় ভিডিও দেখেও বুঝা যায় তিশা যে একটা হিরোইঞ্চি বেডি।,bengali,channel24_entertainment,ANG,CRI,APO,disappointed fan
775,আমার পছন্দের 🥰🥰,bengali,pran_rfl,GP,SUP,FRI,
94,প্রশান্তির সুর,bengali,grameenphone,GP,SUP,FRI,music praise
628,ট্রেইলারে নতুন কিছু নেই বাট বসের লুক টা সবসময় নতুন,bengali,shakib_khan,GN,CRI,APO,
144,Delivery charge koto inside dhaka,romanized,shajgoj,NEU,QUE,PRO,delivery charge query
222,আমাকে ফ্রি তে দেন আপু,bengali,anayas_collection,SAR,COM,PRO,product appreciation
769,Gem,english,pran_rfl,GP,SUP,FRI,
209,আপু ড্রেসের কাপড়ের নাম বলে দিবেন,bengali,anayas_collection,NEU,QUE,PRO,product appreciation
737,বিএনপি ৩৬০ ডিগ্রি পোল্টি নিলো! বিএনপি যে সংবিধান নিয়ে কথা বলছে সেই একই সংবিধান অনুযায়ী শেখ হাসিনা এখনো প্রধানমন্ত্রী!,bengali,yunus_farewell,SAR,CRI,APO,
771,ছোট বেলায় খুব ভালো লাগতো,bengali,pran_rfl,GP,SUP,FRI,
26,সিনিয়র সিটিজেন দের আলাদা লাইন মেইনটেইন করলে এই ধরনের বিষয়ে আরো ভালোভাবে হ্যান্ডেল করার সুযোগ হবে,bengali,prothomalo,CON,CRI,PRO,systemic problem observation
668,অনলাইনে আবেদন কি বাধ্যতামূলক,bengali,pran_rfl,NEU,QUE,PRO,
451,তুমরা দাম কওনা কেনে...?,bengali,sultans_dine,ANG,CRI,PRO,why do not you say the price frustrated
700,স্যার সব শেষ করলো বিএনপি 😢,bengali,yunus_farewell,GN,CRI,APO,
384,অর্ডার করলে দাম ডাবল বলে,bengali,fit_n_hot,ANG,COM,APO,says price doubled when ordering
51,এমন দেশটি কোথাও খুঁজে পাবে নাকো তুমি😪,bengali,prothomalo,GN,CRI,PRO,sadness at situation
434,শোক প্রস্তাবে শহীদ ওয়াসিমের নাম ভুলে গেলেন?,bengali,tarique_rahman,GP,SUP,FRI,BNP member blood mixed with party
255,Normal day in Bangaladesh,english,bangladesh_cricket,SAR,TRO,IGN,normal day in Bangladesh
663,শুভ কামনা ব্রাদার 👌👌❤️❤️,bengali,shakib_khan,GP,SUP,FRI,
109,কিছু দিন আগে ২০০ টাকা দিয়ে কিনলাম।,bengali,shajgoj,GN,COM,APO,bought recently at higher price
33,এর সাথে যোগাযোগ করার মাধ্যম আসে কি,bengali,prothomalo,NEU,QUE,PRO,asking about person shown
166,ঢাকায় ডেলিভারি কত??,bengali,shajgoj,NEU,QUE,PRO,delivery charge query
382,"এবার আপনারা আমাকে একটা ভুল সাইজ দিয়েছেন, একটা বড় একটা সঠিক।",bengali,fit_n_hot,GN,COM,APO,wrong size received one big one correct
743,আমরা অবুঝ জাতি আমরা ভালো-মন্দ বুঝি কম। তারপরও বুঝতে পারছি আপনি সাধারন মানুষের জন্য সর্বোচ্চ চেষ্টা করেছেন।,bengali,yunus_farewell,GP,SUP,FRI,
290,২ বলদের মাঝে সালমান ভাই ফার্স্ট হইসে,bengali,bangladesh_cricket,SAR,TRO,IGN,Salman first among two fools
569,সঠিক বলছে সেই মেয়েটা,bengali,channel24_entertainment,SAR,TRO,IGN,disappointed fan
797,এই এড দেখে বড় হইছি এখন বাচ্চার সাথে এই গান গাই😑 ইয়া ইয়া ও,bengali,pran_rfl,GP,SUP,FRI,
194,আপনার পেজ টা অনেক সুন্দর,bengali,anayas_collection,GP,SUP,FRI,product or service query
432,স্যার আমাকে বিয়ে করিয়ে দেন না হয় টাকা দেন 😫,bengali,tarique_rahman,CON,CRI,PRO,MPs must remember they serve people not party
568,গাজাখোর বলেছে বলে ইয়াবা খেয়ে সংবাদ সম্মেলন করছে তানজিন তিশা।,bengali,channel24_entertainment,ANG,CRI,APO,disappointed fan
828,আহা শৈশব খুব মিস করতেছি,bengali,pran_rfl,GP,SUP,FRI,
356,দারাজের দালালি🤣,bengali,tushar_imran,SAR,TRO,IGN,daraz dalali
70,আমার পোস্টপেইড সিম টা ই-সিম করতে চাই চার্য এবং কন্ডিশন প্লিজ ডিটেইলস,bengali,grameenphone,NEU,QUE,PRO,esim query
612,তানজিন তিশা সংবাদিক ওর লাঙ্গের কাছ থেকে টাকা পাই,bengali,channel24_entertainment,SAR,TRO,IGN,
245,এটা অভদ্রতার দৃষ্টিতে দেখার কিছু নয়। এটা মস্তিষ্কের সঠিক ব্যবহার!,bengali,bangladesh_cricket,GP,SUP,FRI,defends not rudeness smart play
200,jorjet jama red colour dress dekhau,romanized,anayas_collection,NEU,QUE,PRO,product or service query
671,Pic ta clear dekha jacchena,romanized,pran_rfl,GN,COM,APO,
487,জীবনের থেকে সময়ের মূল্য বেশি না।,bengali,ahmadullah,CON,CRI,PRO,police take monthly bribe cannot act against owners
515,তিশা কিন্তু খুব ভয়ংকর আর জঘন্য খারাপ আর তার জন্য তিশাকে ফারহান ত্যাগ করেছে তিশা চরিত্রহীন,bengali,channel24_entertainment,GN,CRI,IGN,disappointed fan
58,Sim replacement এর জন্য কত টাকা লাগবে,bengali,grameenphone,NEU,QUE,PRO,sim replacement fee query
197,Apu dress nite chai kintu replaiy den nah,romanized,anayas_collection,GN,COM,APO,product appreciation
553,Apu apnare dekhle e monehoy apne chai Ganja khur and obviously apnar gaye baje gondhu hobe probably sob dhoroner drags e tu monehoy try koren,romanized,channel24_entertainment,ANG,CRI,APO,disappointed fan
23,আমি আশাবাদী এই বিষয়ে যে সাংবাদিক নিউজ করার সাথে সাথে বৃদ্ধ মহিলাকে সাহায্য করেছেন।,bengali,prothomalo,NEU,CRI,PRO,sad and critical
507,আমার তো মনে হয় ডিরেক্টর নিজেও খায়,bengali,channel24_entertainment,GN,TRO,IGN,disappointed fan
688,তাহলে হ্যাঁ ভোটের কি হবে???,bengali,yunus_farewell,CON,QUE,PRO,
353,Amagore dey na adi 😅,romanized,tushar_imran,SAR,TRO,IGN,amagore dey na adi
294,Bangladeshi Players playing gully cricket with Pakistani Players,english,bangladesh_cricket,SAR,TRO,IGN,Bangladeshi playing gully cricket
106,Offer ta ki offline a pawya jabe?,romanized,shajgoj,NEU,QUE,PRO,offline availability query
823,মুরব্বি হয়ে গেছি এখন,bengali,pran_rfl,SAR,TRO,IGN,
720,বিএনপি প্রথম দিনেই হ্যা ভোটার সাথে বেইমানি করলো। সংবিধান এর দোহাই দিচ্ছে।,bengali,yunus_farewell,ANG,CRI,APO,
372,এই যে সবার উদ্দেশ্যে বলছি দেখেন আমি স্ক্রিনশট দিসি কেউ এই ধোকাদের পাল্লায় পড়বেন না,bengali,irani_jewellery,ANG,COM,APO,warning to public screenshot proof do not fall for them
186,আপু আমি নতুন,bengali,anayas_collection,GP,SUP,FRI,product appreciation
443,"নিজ চোখে সংসদে একজন ভিন্ন প্রধানমন্ত্রীকে দেখছি—এখনও যেন বিশ্বাস করতে কষ্ট হচ্ছে। ১৫ বছর ধরে জাতি এমন একজন ফ্যাসিস্ট প্রধানমন্ত্রীকে দেখেছে, যিনি বিনা ভোটেই বারবার সংসদের শীর্ষে বসেছেন।",bengali,tarique_rahman,CON,CRI,PRO,be alert people you elevate will betray
40,উনার ইনফো দিতে পারবেন কেউ? যে ইনফো দিতে পারবেন তাকেও পুরস্কৃত করা হবে। ভিডিওটা দেখার পর থেকে অন্তরে শান্তি পাচ্ছি না।,bengali,prothomalo,CON,QUE,PRO,asks media to follow up
10,যাদের এগুলা প্রাপ্য তারাই আগে বঞ্চিত থাকে 😅,bengali,prothomalo,CON,CRI,PRO,sarcasm about deserving people left out
260,ভাই দাদার সম্পর্কে এই রকম হয়,bengali,bangladesh_cricket,SAR,TRO,IGN,brothers behave like this
341,Exchange possible with Galaxy S23fe tk add korbo,english,samsung,NEU,QUE,PRO,exchange with S23fe
511,ভাব দেখে মনে হয় কি জানি হয়ে গেছে,bengali,channel24_entertainment,GN,CRI,APO,disappointed fan
335,Who is best?? S23 fe or A56,english,samsung,GP,SUP,FRI,who is best S23fe or A56
822,শৈশব এর কথা মনে পরে গেলো,bengali,pran_rfl,GP,SUP,FRI,
481,"এটা থেকে কি কখনো শেষ হবে, রাস্তায় নামলেই মনে হয় এই বুঝি মেরে দিলো 🙂",mixed,ahmadullah,GN,CRI,PRO,life has no value in this country
397,পাঁচদিনেও পন্য হাতে পাইনি আপনাদের সার্ভিস এতো ভালো,bengali,fit_n_hot,SAR,TRO,IGN,5 days no product your service is so good
286,ভাই আবেগ দিয়ে ক্রিকেট খেলা চলে না বিবেক দিয়ে খেলতে হয়,bengali,bangladesh_cricket,CON,CRI,PRO,cricket needs logic not emotion
477,বাংলাদেশ এমন একটা দেশ যে দেশে জন্মানোর মানেই বিপদ প্রতি পদে পদে। লাইফের কোন গ্যারান্টি নাই এটা আমরা সবাই জানি কিন্তু এদেশের মৃত্যুটা যেন ইদুর বিড়ালের মত হয়ে গেছে।,bengali,ahmadullah,GN,CRI,PRO,BD is a country where being born means danger at every step
358,৪৯ টাকায় অনেক দামী দামী জিনিসই দিছে,bengali,tushar_imran,GP,SUP,FRI,49 tk products actually good defends
636,ভাইরে ভাই পুরা আগুন মাথা নষ্ট করা টিজার 😱 বাংলা ইতিহাসের শ্রেষ্ঠ টীর্জা 👍🤩,bengali,shakib_khan,GP,SUP,FRI,
169,Dhaka ta delivery charge,romanized,shajgoj,NEU,QUE,PRO,delivery charge query
634,মোটামুটি কিন্তু গল্প কি নিয়ে 🐸,bengali,shakib_khan,GN,QUE,APO,
331,অনেক চমৎকার ফোনটা,bengali,samsung,GP,SUP,FRI,wonderful phone
559,চোরের মেয়ের বড় গলা,bengali,channel24_entertainment,SAR,TRO,IGN,disappointed fan
620,বস মানেই আগুন 💥💥 এই ঈদে ইতিহাস সৃষ্টি হবে,bengali,shakib_khan,GP,SUP,FRI,
301,ফাতরামীর পরিচয় দিলো বাংলাদেশ টিম,bengali,bangladesh_cricket,ANG,CRI,PRO,fatramira Bangladesh team disgrace
96,প্রবাসীদের ঈদ বলতে কিছুই নেই আমরা চাই একটু ফ্যামিলির সাথে ঈদ উদযাপন করতে কিন্তু সেটা আমাদের কপালে হয় না,bengali,grameenphone,GN,SUP,APO,overseas worker missing family eid
670,ফেব্রুয়ারী মাসে নিয়োগ আছে,bengali,pran_rfl,NEU,SUP,FRI,
67,Customer Services is successful when customers are satisfied,english,grameenphone,GP,SUP,FRI,generic customer service praise
780,আমার মনে গেতে রেখে চিলাম,bengali,pran_rfl,GP,SUP,FRI,
554,তিড়িং বিড়িং করে কথা বলে কেন,bengali,channel24_entertainment,SAR,TRO,IGN,disappointed fan
399,হাতে পেয়েছি আজ।মোটামুটি ভালো মনে হচ্ছে তবে কাল পরার পরে রিভিউ দিবো।,bengali,fit_n_hot,GP,SUP,FRI,got today seems good will review after wearing
701,"Inner Muhammad Yunus: তুরা তুরা ফুন মারামারি গর, আই যাইরগু হানকির পুয়ার দেশত সুদানিরপুয়ার বসবাস!",bengali,yunus_farewell,SAR,TRO,IGN,
486,নৌবাহিনীর মত গাড়িতেও অদক্ষ ড্রাইভার,bengali,ahmadullah,CON,CRI,PRO,buses racing to overtake main cause of accidents
151,Cash on delivery??,english,shajgoj,NEU,QUE,PRO,payment method query
119,Ei offer ta ki ekhono ache??,romanized,shajgoj,NEU,QUE,PRO,offer still available query
83,পুরো গান কবে আপলোড দিবেন,bengali,grameenphone,NEU,QUE,PRO,asking when full song uploads
150,সিলেট ডেলিভারি চার্জ কত,bengali,shajgoj,NEU,QUE,PRO,delivery charge query
759,Onek ager add,romanized,pran_rfl,NEU,COM,PRO,
777,আমি গাইতাম যে খাবে সে হবে আসল গরু,bengali,pran_rfl,SAR,TRO,IGN,
414,"কাইন্ডলি একটা জিনিস বলা যাবে, পর্তুগালের জার্সিটার কাপড় কি স্প্যানডেক্স আছে?",bengali,jerseys,NEU,QUE,PRO,price query
242,আবেগ দিয়ে ক্রিকেট চলে নাহ মিরাজ ঠিক কাজই করছে,bengali,bangladesh_cricket,CON,CRI,PRO,emotion not needed in cricket
76,আহ সেই মুড়ি মাখা,bengali,grameenphone,GP,SUP,FRI,nostalgic about muri makha
456,একারনেই পর্যটকরা বাংলাদেশে যেতে চান না ।,bengali,ahmadullah,SAR,TRO,IGN,tourists do not want to come to BD sarcasm
656,"বন্দুকের এই গুলি আর কত মুভিতে দেখবো, তুফান, বরবাদ সেইম একি গুলাগুলি😆😆",bengali,shakib_khan,GN,CRI,APO,
591,বিনোদন কর্মীরা বিনোদন দিচ্ছে আমরা দর্শক উপভোগ করতে থাকি,bengali,channel24_entertainment,SAR,TRO,IGN,disappointed fan
363,Tusar Vai daraz taika koto tk kailan🤣,romanized,tushar_imran,SAR,TRO,IGN,how much did you eat daraz taika
319,I watch Pakistan Matches for Comedy!! How on earth Salman tried to pick the ball??,english,bangladesh_cricket,SAR,TRO,IGN,snake always snake
519,এখনো মনে হয় গাজা খেয়ে আসছে,bengali,channel24_entertainment,GN,CRI,IGN,disappointed fan
692,"তুমি এই কালের সেই মহানায়ক, সমাপ্ত হয় না যার গল্প",bengali,yunus_farewell,GP,SUP,FRI,
190,আমি কিন্তু অনেকগুলো ড্রেসের অর্ডার করেছি দেখেন,bengali,anayas_collection,NEU,QUE,PRO,product or service query
196,আপু আপনার পেজটা একদিন অনেক বড় হবে,bengali,anayas_collection,GP,SUP,FRI,product or service query
467,আমাদের এই রোডে নৌবাহিনীর গাড়ি গুলো অতিরিক্ত গতিতে চলে যার কারণে অনেকে দূর্ঘটনার শিকার হয়,bengali,ahmadullah,CON,CRI,PRO,navy buses drive recklessly on this road
142,ডাব শেমপু অর্গানিক পাতলা চুলের জন্য চুল পড়া কমায় এটার দাম কত,bengali,shajgoj,NEU,QUE,PRO,product and price query
279,ছেলেগুলো এতদিন ধরে ক্রিকেট খেলে। বাট পাড়ার ক্রিকেটের নেশা এখনো গেলো না।,bengali,bangladesh_cricket,SAR,TRO,IGN,players still have gully cricket habit
268,And they say's we're brothers.,english,bangladesh_cricket,SAR,TRO,IGN,sarcastic brothers
596,কি ভাব দুধে ধোঁয়া তুলসীপাতা,bengali,channel24_entertainment,SAR,TRO,IGN,disappointed fan
470,হতভাগ্য দেশ আমার,bengali,ahmadullah,GN,CRI,PRO,unhappy country my unfortunate country
808,Amr fuvrite chocolate celo ata dam celo 1tk,romanized,pran_rfl,GP,SUP,FRI,
140,Offer ta ki available ase??,romanized,shajgoj,NEU,QUE,PRO,offer availability
49,Is there any way to connect with her? We might help her a bit if ALLAH blesses us to do so.,english,prothomalo,CON,CRI,PRO,systemic criticism
226,ছোট আপু প্রিমিয়াম কটনের একটা ড্রেস নিতে চাই,bengali,anayas_collection,NEU,QUE,PRO,product appreciation
230,Excellent collection,english,anayas_collection,GP,SUP,FRI,product appreciation
13,ভোট দিবো কিসে🤣🤣,bengali,prothomalo,SAR,TRO,IGN,sarcastic about voting
589,আপনার জন্য ফারহান ভাইয়ের গালি গুলোই ঠিক ছিলো।,bengali,channel24_entertainment,SAR,TRO,IGN,disappointed fan
116,Delivery charge 100 taile jai sai,romanized,shajgoj,GN,COM,APO,delivery charge too high
577,তানজিন তিশা নামের ভিতরেইতো পিনিক হেতি লাইভে এক লাইন বেশি কইলেও ভুল কিছু কয় না,bengali,channel24_entertainment,SAR,TRO,IGN,disappointed fan
655,বাকিদের সিনেমায় হলের বিদ্যুৎ বিল ওঠে কি সন্দেহে আছি...,bengali,shakib_khan,SAR,CRI,APO,
291,ভাইয়ে ভাইয়ে ওরকম একটু আধটু চলে,bengali,bangladesh_cricket,NEU,CRI,PRO,brothers behave like this
412,Khalid Hasan Shaon আবার অইতোনি😇😇,bengali,jerseys,NEU,QUE,PRO,price query
606,Director nijei Ganjutti,romanized,channel24_entertainment,SAR,TRO,IGN,disappointed fan
529,আপনি কি ধোয়া তুলসী পাতা,bengali,channel24_entertainment,SAR,TRO,IGN,disappointed fan
45,নিশ্চয় কষ্টের পরে স্বস্তি আছে। উনার ঠিকানা দিবেন দয়া করে।,bengali,prothomalo,SAR,TRO,IGN,sarcastic about development claims
570,apni je ganja khor ta apnar mukh dekhe boja jai,romanized,channel24_entertainment,SAR,CRI,APO,disappointed fan
337,নিয়ে নিলাম ১২/২৫৬ Samsung💙,bengali,samsung,GP,SUP,FRI,bought 12/256 Samsung
746,বাকস্বাধীনতার ১৮ মাস।,bengali,yunus_farewell,SAR,TRO,IGN,
187,আপনার মতো চেহারা ছেলের,bengali,anayas_collection,GP,SUP,FRI,product or service query
154,সিরাম আছে?,bengali,shajgoj,NEU,QUE,PRO,product availability query
281,They are brother on social media only,english,bangladesh_cricket,SAR,TRO,IGN,brothers on social media only
690,"ডক্টর মুহাম্মদ ইউনূস নামটা এখন আর কেবল একটি নাম নয়, এটি আমাদের একরাশ স্বস্তির নিঃশ্বাস। আজ সেই নিঃশ্বাসটুকু যেন নিতেও কষ্ট হচ্ছে।",bengali,yunus_farewell,GN,SUP,APO,
642,একটা সাউথ মুভির ফ্লেভার আছে এখন একশনটা ভালোভাবে জমাতে পারলে হবে পুরাই ১০০ কোটি,bengali,shakib_khan,CON,CRI,PRO,
707,"স্যার ,স্বৈরাচারের হাত থেকে safe করে আবার নতুন স্বৈরাচারের হাতেই তুলে দিলেন??? আমরা অভাগা বাঙালি",bengali,yunus_farewell,ANG,CRI,APO,
598,তুমি জুরে কেন মারলে বল,bengali,channel24_entertainment,ANG,CRI,APO,disappointed fan
205,Anaya's Collection manei dame kom mane vlo,romanized,anayas_collection,GP,SUP,FRI,product or service query
417,বিএনপিতে পদ পদবী ছাড়া দলকে ভালোবাসে এমন ব্যক্তিদের দেখতে চাই।,bengali,tarique_rahman,CON,CRI,PRO,wants people who love party not positions
338,"দাম অনুযায়ী ক্যামেরা একদম ই বাজে,, A55 ব্যবহার করতেছি ৭/৮ মাস",bengali,samsung,GN,COM,APO,camera bad for price A55 user
772,সোনালী স্মৃতি,bengali,pran_rfl,GP,SUP,FRI,
603,মদ খেয়ে পুতু কে বলেছিলো মাদারি,bengali,channel24_entertainment,ANG,CRI,APO,disappointed fan
693,"পুকি তুমি ফকরুদ্দিন দের মতন হারিয়ে যেয়োনা, দেশের ক্রান্তিলগ্নে আবার ফিরে আসবে",bengali,yunus_farewell,CON,CRI,PRO,
137,অনেক ভালো আমি সবসময় ব্যবহার করি,bengali,shajgoj,GP,SUP,FRI,always uses product loyal customer
157,Delivery charge ace??,romanized,shajgoj,NEU,QUE,PRO,delivery charge query
133,বডি ওয়াশ ১৪৯ টাকায় আর ডেলিভারি চার্জ ১৫০ টাকা,bengali,shajgoj,SAR,COM,APO,product 149 delivery 150 sarcastic irony
80,Live chat kivabe kore?,romanized,grameenphone,NEU,QUE,PRO,live chat query
465,সেনাবাহিনীর গাড়ি ছিলো তাই চালককে এখনো গ্রেফতার করা হয়নি। অন্য কোনো সাধারণ পরিবহনের গাড়ি হলে চালক এতক্ষণে গ্রেফতার হয়ে যেতো।,bengali,ahmadullah,ANG,CRI,PRO,navy driver not arrested yet other driver would be
63,Ai manush gulor jonno onek bhalobasha,romanized,grameenphone,GP,SUP,FRI,sends love to workers
438,আওয়ামিলীগ এর দুসরকে রেখে সংসদ চলতে পারেনা চলতে দেওয়া হবেনা,bengali,tarique_rahman,CON,CRI,PRO,people who got opportunities will betray you
52,দয়া করে উনার সাথে যোগাযোগ ব্যবস্থা করে দিন!,bengali,prothomalo,CON,CRI,PRO,concern and suggestion
728,আপনি সঠিক পথে ছিলেন কিন্তু আপনার উপদেষ্টা মন্ডলী গুলো দালালি করেছে,bengali,yunus_farewell,PA,CRI,PRO,
284,ভিখিরি বনাম চোরের লড়াই!,bengali,bangladesh_cricket,SAR,TRO,IGN,beggars vs thieves fight
161,100 ml কি আছে???,bengali,shajgoj,NEU,QUE,PRO,size availability query
625,"আরেকটা মাস্টারপিস ব্লকবাস্টার কর্মাসিয়ার মুভি পেয়ে গেলাম, ভাইরে ভাই মেগাস্টার তো পুরাই আগুন লাগাই দিছে 😱🔥💥",bengali,shakib_khan,GP,SUP,FRI,
3,আর তুমি চেয়ে চেয়ে ভিডিও করলে তাই তো?,bengali,prothomalo,SAR,TRO,IGN,sarcastic reply to videographer
736,প্রত্যাশা ছিল পরিবর্তন। প্রাপ্তি হলো পুনরাবৃত্তি।,bengali,yunus_farewell,GN,CRI,APO,
211,বোরিং ড্রেস দেখান আপু,bengali,anayas_collection,GN,TRO,IGN,product appreciation
433,১০ কেজি করে চাল দেয়ার কথা। সেখানে ১০ কেজির কথা বলে ৮ কেজি থেকে সাড়ে ৮ কেজি চাল দেয়া হচ্ছে। বাকি দেড় কেজি চাল রোজার মাসে চুরি করতেছে।,bengali,tarique_rahman,GP,SUP,FRI,saw this day after 17 years of suffering
619,"ধান্দা করলে মিষ্টি,না করলে বুলেটের বৃষ্টি - what a line 💀🔥",mixed,shakib_khan,GP,SUP,FRI,
326,Samsung always king ❤️,english,samsung,GP,SUP,FRI,Samsung always king
826,ছোট বেলার আবেগ🥰🥰,bengali,pran_rfl,GP,SUP,FRI,
315,এটাকে বলে জোকার আউট,bengali,bangladesh_cricket,SAR,TRO,IGN,I watch Pakistan for comedy
229,So beautiful so elegant looking like a wow,english,anayas_collection,GP,SUP,FRI,product or service query
782,ছোটবেলার পুরাতন স্মৃতি মনে পড়ে গেলো ❤️,bengali,pran_rfl,GP,SUP,FRI,
79,My ex workplace,english,grameenphone,GP,SUP,FRI,nostalgic about old workplace
633,"এটা টিজার না, এটা তো আগুন!😱🔥 বাংলা সিনেমার জন্য এক নতুন মাইলফলক❤️",bengali,shakib_khan,GP,SUP,FRI,
673,যারা ঢাকার মধ্য ২৫ তারিখ ভাইবা তে টিকছে তাদের মধ্যে বাড্ডা ২৯ তারিখ কয়টায় যেতে হবে,bengali,pran_rfl,NEU,QUE,PRO,
354,"49 টাকা নিলেই কি ৫৫ টাকা ডেলিভারি চার্জ নেয়,,,, ১০ টা প্রোডাক্ট কিনলে ১০ টা থেকেই৷ ডেলিভারি নেয় এই বিষয়টা ভালোলাগে না",bengali,tushar_imran,ANG,COM,APO,delivery charge 55tk per product
125,ডেলিভারি কবে পাবো?,bengali,shajgoj,NEU,QUE,PRO,delivery date query
773,আমাদের সময় আহ 😭,bengali,pran_rfl,GP,SUP,FRI,
677,ভাই ফেব্রুয়ারী মার্চের নিয়োগ বিজ্ঞপ্তি থাকলে দেন প্লিজ,bengali,pran_rfl,NEU,QUE,PRO,
538,এক হাতে তো আর তালি বাজে না আমার মনে হয় কম বেশি দুইজনেরই দুষ আছে,bengali,channel24_entertainment,ANG,CRI,APO,disappointed fan
407,Mahim Mahmud Naim অর্ডার করছিলাম পরে আর পায় নাই । দুইদিন ধরে ডেলিভারির ফোন দিয়ে খোঁজ খবর পায় না কিশোরগঞ্জ করিমগঞ্জ থানা,bengali,fit_n_hot,ANG,COM,APO,Mahim ordered could not find Kishoreganj
257,Salman be like - erom vabe keu out kore,romanized,bangladesh_cricket,SAR,TRO,IGN,Salman reaction sarcasm
122,ক্যাশ অন ডেলিভারি হবে?,bengali,shajgoj,NEU,QUE,PRO,cash on delivery query
415,Vai france koi?!!! Oitai lagbe amr bhai,romanized,jerseys,NEU,QUE,PRO,price query
502,"Eid lege gese, now i can feel. Best offer",mixed,budget_beauty,GP,SUP,FRI,eid feeling best offer
830,childhood memory 😢,english,pran_rfl,GP,SUP,FRI,
838,Opu Bhaier Goru Naki,romanized,pran_rfl,SAR,TRO,IGN,
283,Toiletdest always toiletdesh,english,bangladesh_cricket,ANG,TRO,IGN,Toiletdesh insult
829,ইয়া ইয়া ও ❤️,bengali,pran_rfl,GP,SUP,FRI,
252,When all Pakistan was praising Bangladesh and criticizing their own team Miraz came up with a Shakibish idea of sportsmanship spirit.,english,bangladesh_cricket,SAR,TRO,IGN,sarcastic about sportsmanship
512,আমরা জানি তুমি তুলশী পাতা,bengali,channel24_entertainment,PA,CRI,PRO,disappointed fan
676,31 January ki Dhaka te Lok nibe,romanized,pran_rfl,NEU,QUE,PRO,
534,পুতু হু হু পুটকু পুটকু আগের ভাইরাল ভিডিও,bengali,channel24_entertainment,SAR,TRO,IGN,disappointed fan
167,ভাই আমার দুই ডজন মাল লাগবো,bengali,shajgoj,NEU,QUE,PRO,bulk order query
832,missing those day.,english,pran_rfl,GP,SUP,FRI,
246,"Never trust these snakes. But paijaan, we are brothers",english,bangladesh_cricket,SAR,TRO,IGN,never trust these snakes sarcastic
820,Mone pore gelo😢,romanized,pran_rfl,GP,SUP,FRI,
37,যাদের সামর্থ্য আছে তারা দয়া করে এই মায়ের পাশে দাঁড়াবেন,bengali,prothomalo,CON,SUP,FRI,anger at system
629,মেকিং আর বিজিএম জাস্ট ইন্টারন্যাশনাল লেভেলের। আবারো কাঁপাবে কিং খান।,bengali,shakib_khan,GP,SUP,FRI,
767,মনে পরে গেলো সোনালি অতিত,bengali,pran_rfl,GP,SUP,FRI,
441,চুপ্পু পদত্যাগ চাই,bengali,tarique_rahman,CON,CRI,PRO,BNP hybrids and opportunists hatred
4,যদিও কাজ টা জটিল। তারপরও বিতরণে আরও পেশাদারিত্বের অবকাশ রয়েছে..,bengali,prothomalo,CON,CRI,PRO,constructive criticism of distribution
562,তোমরা যে কি কি খাও কি খাও না পাবলিক জানে এগুলো মুখে বলার দরকার হয় না,bengali,channel24_entertainment,GN,TRO,IGN,disappointed fan
243,ছোটলোক যখন ক্রিকেটার,bengali,bangladesh_cricket,ANG,CRI,IGN,angry insult low class player
429,"আমার মনে হয় ঘাড় তেড়া বিরোধীদল নিয়ে বি এন পি সংসার টিকবে না, এধরনের তেড়া বিরোধীদল কে সোজা করতে হলে আরো কঠোর হতে হবে!!",bengali,tarique_rahman,SAR,TRO,IGN,Chuppu like water adapts to whoever holds him
488,there is 50-50 chances of getting hit once you leave your house. please do not drive if you have a cloudy brain!,english,ahmadullah,GN,CRI,PRO,hard to hear fresh lives lost on road
327,আপনাদের ফোন M সিরিজের ফোন উন্নত নাকি A সিরিজের ফোন। ২৫ থেকে ৩৫ বাজেটের ভিতরে কি কি ফোন আছে ডিটেইলস সহ জানান,bengali,samsung,CON,QUE,PRO,M vs A series budget range query
139,Apnader showroom kothay?,romanized,shajgoj,NEU,QUE,PRO,showroom location
804,আমি ছোটোবেলায় এই এড শুনছিলাম😂,bengali,pran_rfl,GP,SUP,FRI,
474,"Ahmadullah আপনি আজ অবধি মব নিয়ে, জীবন্ত মানুষ পুড়িয়ে মারা নিয়ে একটা কথাও বলেননি। আসলে আপনি বলতেই চাননি, কারণ আপনিও সুবিধাভোগী।",bengali,ahmadullah,ANG,CRI,PRO,you never spoke about mob burning people you are also beneficiary
132,165tk diye kinlm duidin age,romanized,shajgoj,GN,COM,APO,bought few days ago at higher price
765,"10,12 বছর আগে খাইছি",bengali,pran_rfl,NEU,COM,PRO,
506,ওর কন্ঠ বলে গাজা খায় যারা নেশা করে তাদের গলার টোন আলাদা,bengali,channel24_entertainment,GN,TRO,IGN,disappointed fan
427,জুলাইয়ের সাথে গাদ্দারি করলে দেশের সাধারণ জনতা ভালোভাবে নিবে না। যেটাকে আপনি পজিটিভলি ক্যাশ করতে পারতেন কিন্তু আপনারা তার বিপরীতে যাচ্ছেন।,bengali,tarique_rahman,GP,SUP,FRI,government should be like this
217,Apo ami WhatsApp e knock ditechi,romanized,anayas_collection,GP,SUP,FRI,product appreciation
762,অতিত গুলা শুনদের চিলো,bengali,pran_rfl,GP,SUP,FRI,
485,আমার মনে হয় এবার পাপ মুক্ত বাংলাদেশ উপহার দিবে প্রধানমন্ত্রী - Atodin por eta niye post hujur..এগুলো নিয়ে সোচ্চার হওয়া উচিত সবার,mixed,ahmadullah,CON,CRI,PRO,there is 50-50 chance of getting hit when leaving house
124,রংপুরের আউটলেট কোথায়,bengali,shajgoj,NEU,QUE,PRO,outlet location query
495,এত সুন্দর হয়েছে খাবারগুলো কেএফসিতে আমার কাছে আপনারটা অনেক সুন্দর লাগছে,bengali,kfc_bangladesh,GP,SUP,FRI,KFC better than homemade sarcastic comparison
473,"এতগুলো মানুষ মারা গেল তাও কোনো আন্দোলন নাই, তেমন ভাইরাল না, বাংলাদেশের প্রতিটি রাস্তাঘাট একেকটা মৃত্যু ফাঁদ।",bengali,ahmadullah,ANG,CRI,PRO,so many died no protest no viral BD roads are death traps
266,Gentleman game no Mentalman game yes,english,bangladesh_cricket,SAR,TRO,IGN,gentleman game vs mentalman game
660,প্রতিটা ছবি তার গল্পে মাজে হিট হয় কাহিনি যতটা গভির হবে ছবিও ততটা হিট হবে,bengali,shakib_khan,CON,CRI,PRO,
285,আবেগ তারা বিশ্বকাপে দেখাইনি আমাদের কে নিয়ে আমরা দেখাতে যাবো কোন দুঃখে ঠিক কাজ করছে,bengali,bangladesh_cricket,CON,CRI,PRO,emotion shown in WC no why show here
411,Tasnim Rukka diba naki😄,romanized,jerseys,ANG,CRI,PRO,why do not you say the price frustrated
280,আগা মনে হয় বাংলাদেশের পক্ষে ১২ তম প্লেয়ার হিসেবে ফিল্ডিং ও করছিলো,bengali,bangladesh_cricket,SAR,TRO,IGN,Agha fielding for Bangladesh sarcasm
332,বিক্রি করতে চাইলে কি করবো?,bengali,samsung,CON,QUE,PRO,wants to sell how
360,Marketing but I know everything is already pre planned,english,tushar_imran,CON,CRI,PRO,marketing but pre-planned
724,"Chief Adviser GOB তো কার খপ্পরে দিয়ে গেলেন দেশ, জুলাইরে সাথে গাদ্দারী করা দলকে???",bengali,yunus_farewell,ANG,CRI,APO,
565,ganjutti ai tisha akdin amar samne diye or sathy thaka akta cheleke okhoddo vhashay gali dicchilo uttara te,romanized,channel24_entertainment,GN,CRI,APO,disappointed fan
653,বুবলি আর আপু এই দুই ঘরের শত্রু আগে সামলান মিয়া🐸,bengali,shakib_khan,SAR,TRO,IGN,
650,বাংলা সিনেমা দেখি না কিন্তু হঠাৎ করে এই টেইলর টা ফাস্টে মনে করছি তামিল সিনেমা,bengali,shakib_khan,GP,SUP,FRI,
786,Iconic add,english,pran_rfl,GP,SUP,FRI,
714,আমি ডাঃ ইউনূসকে পছন্দ করিনা কিন্তু সে সমস্ত রাষ্ট্র নায়ক থেকে আলাদা ছিলো তা অবশ্য মানতেই হবে,bengali,yunus_farewell,PA,CRI,PRO,
164,চাঁদপুর ডেলিভারি কত??,bengali,shajgoj,NEU,QUE,PRO,delivery charge query
834,পছন্দের এড❤️😭🔥,bengali,pran_rfl,GP,SUP,FRI,
722,Corruption in society eventually shows up in leadership. তাই হতাশ হওয়ার কিছু নেই। যেদিন আমাদের সমাজে সৎ মানুষের সংখ্যা বাড়বে সেদিনই যোগ্য নেতৃত্ব আসবে।,mixed,yunus_farewell,CON,CRI,PRO,
796,এই এড টা কি পরিমান যে পছন্দের ছিল ছোটবেলায় 😊,bengali,pran_rfl,GP,SUP,FRI,
556,বাংলার মিডিয়া পাড়া এখন নেশায় আসক্ত এতে কোন সন্দেহ নেই।,bengali,channel24_entertainment,GN,TRO,IGN,disappointed fan
508,তুমি তো ডিরেকটরকে মধু খাওয়াইছো ভালো করে ডিরেক্টরকে বললে কি হবে,bengali,channel24_entertainment,SAR,TRO,IGN,disappointed fan
304,Sportsman Spirit.. wow.. Bangali's repeating 1971 incident,english,bangladesh_cricket,SAR,TRO,IGN,repeating 1971 sarcasm
123,Offer ki outlet e gele pabo?,romanized,shajgoj,NEU,QUE,PRO,outlet availability query
592,এসব ফালতু নিউজ না দেখাই ভালো,bengali,channel24_entertainment,GN,CRI,APO,disappointed fan
509,ডিরেক্টর তো সেবন করে বসে আছে।,bengali,channel24_entertainment,SAR,TRO,IGN,disappointed fan
74,Khub miss kori jaiga te ke onak ta somoi par koresi ai jaigai onak memory ase,romanized,grameenphone,GN,SUP,APO,nostalgic mixed feelings
675,Certificate tolbo kivabe??,romanized,pran_rfl,NEU,QUE,PRO,
597,তোদের দেখলেই বোঝা যায় কি পরিমান লোড নিস।,bengali,channel24_entertainment,ANG,CRI,IGN,disappointed fan
376,আমি চিটাগাং থেকে বলছি কিভাবে নিবো আর এটার দাম কতো,bengali,irani_jewellery,NEU,QUE,PRO,from Chittagong how to order
134,ডেলিভারি চার্জ ফ্রি দিবেন,bengali,shajgoj,CON,CRI,PRO,requests free delivery
539,যা রটে তা কিছুটা হলেও বটে,bengali,channel24_entertainment,SAR,TRO,IGN,disappointed fan
500,আসল নাকি নকল?,bengali,budget_beauty,CON,QUE,PRO,is it real or original product
469,আইনের শাসন প্রতিষ্ঠা করা না গেলে শুধু সুন্দর সুন্দর বক্তব্য দিয়ে কোন লাভ হবে না,bengali,ahmadullah,CON,CRI,PRO,no rule of law no justice without rule of law
613,প্রিন্স আসলে রাক্ষস দম পাত্তা পাবেনা। ❤️❤️,bengali,shakib_khan,GP,SUP,FRI,
289,This happenes when Gaddar faith on Gaddar,english,bangladesh_cricket,SAR,TRO,IGN,gaddar faith on gaddar
593,রমজান মাস এর দুহাই দিয়া বাঁচার চেষ্টা কইরো না বাবা তুমি শুটিং করতেসো ওই মেয়ে মিথ্যা বলতেসিলো না।,bengali,channel24_entertainment,ANG,CRI,APO,disappointed fan
367,দুই দিনে রং উঠে যায়,bengali,irani_jewellery,GN,COM,APO,colour fades in 2 days
704,হাদি ভাইয়ার হত্যার বিচার টা যদি করে যেতেন তাহলে ইতিহাসের পাতায় সম্মানিত হয়ে থাকতেন,bengali,yunus_farewell,PA,CRI,PRO,
632,"এটা বাংলা মুভি না ভাই, এটা সাউথ মুভি🔥",bengali,shakib_khan,GP,SUP,FRI,
744,ইতিহাসের ফ্যাসিবাদের কারিগর সে হল আমাদের প্রাণ প্রিয় ইউনুস সাহাব। পুরো বাংলাদেশের জন মহা ভিলেন হয়ে রইলেন,bengali,yunus_farewell,ANG,TRO,IGN,
627,বরবাদ এর টিজার দেখে যে-রকম আগ্রহ ফিল আসছিল তা আসেনি তবে এটাও নতুন কিছু পাব মনে হচ্ছে,bengali,shakib_khan,GN,CRI,APO,
112,চারটা নিলে কত পড়বে,bengali,shajgoj,NEU,QUE,PRO,bulk price query
361,"এইগুলা কোনো মিস্টি বক্স না, এই প্রায় সব জিনিস দারাজ এ অনেক কম দামে অফার এ আসছিল, এই গ্রুপ এর এডমিন তাকে প্রোডাক্ট গুলা পাঠায় দিছে সাথে কিছু টাকাও দিছে প্রমোশন করার জন্যে",bengali,tushar_imran,ANG,CRI,PRO,not mystery box just cheap products at promo price
207,Apu order korci plz dio,romanized,anayas_collection,GP,SUP,FRI,product appreciation
370,তারপরে দেখেন ডেলিভারি চার্জ পাঠাইয়া কোড দিয়ে কোড নাম্বার দিয়ে দিয়েছি পৌঁছে গেছে তারপরে পর্যন্ত আমার কম্বোডা আমারে দেয় নাই,bengali,irani_jewellery,ANG,COM,APO,paid delivery given code product never arrived
463,সবাই উপদেশমূলক এবং সান্তনামূলক কথা বলে ন্যায়বিচার থেকে এড়িয়ে চলে যাচ্ছে কেউ বলছে না এটার একটা সুষ্ঠু বিচার হোক,bengali,ahmadullah,ANG,CRI,PRO,everyone gives advice no one asks for justice
75,Genex e Chilam amio kono ek somoy,romanized,grameenphone,GP,SUP,FRI,nostalgia for old workplace
168,ইনসো ক্রিম ময়েশ্চারাইজার রেট কতো,bengali,shajgoj,NEU,QUE,PRO,product price query
381,"শনিবারে অর্ডার করে সোমবারেই হাতে পেলাম!!! খুবই ভালো পোশাক, ডেলিভারি ম্যানের ব্যবহারও চমৎকার ❤️❤️❤️",bengali,fit_n_hot,GP,SUP,FRI,ordered Saturday got Monday great service
108,BSTI অনুমোদন আছে তো নাকি গোপন গোডাউনে তৈরী করা হয়।,bengali,shajgoj,CON,QUE,PRO,asks about BSTI approval concern
768,আমার শৈশবের বিটিভিতে দেখা খুব পছন্দের একটা এড ছিল এটা।,bengali,pran_rfl,GP,SUP,FRI,
605,এক্কারে মাসুম,bengali,channel24_entertainment,GN,CRI,APO,disappointed fan
518,আইনি পদক্ষেপ নেন। আর drug test করে প্রমান করে দেন যে আপনি নেশা করেন না!,bengali,channel24_entertainment,CON,COM,PRO,disappointed fan
601,Promotion korar ninja technic,english,channel24_entertainment,SAR,TRO,IGN,disappointed fan
494,এখন যে খেতে মন চাচ্ছে কি করবো বলেন,bengali,kfc_bangladesh,GP,SUP,FRI,craving right now emotional
98,grameenphone er mongolbar mane mela er iPhone campaign e ke bijoyee holo,romanized,grameenphone,NEU,QUE,PRO,campaign winner query
239,That is real bengali,english,bangladesh_cricket,GP,SUP,FRI,calling it real Bengali spirit
749,মুরব্বি সমাজের ১ম পছন্দ। 😂,bengali,pran_rfl,SAR,TRO,IGN,
392,Faltu kotha.. 10 din age order disi kuno khbr nai,romanized,fit_n_hot,ANG,COM,APO,10 days no news
622,"যতই গোলাগুলি হোক, গল্প মানসম্মত না হলে পেইসা বরবাদ!",bengali,shakib_khan,CON,CRI,PRO,
244,Bangladesh doing bangladesh things,english,bangladesh_cricket,SAR,TRO,IGN,Bangladesh doing Bangladesh things
383,ওই মিয়া আমারটা ছেড়া দিছেন মিয়া,bengali,fit_n_hot,ANG,COM,APO,sent torn product
93,এই গানটা শুনলে আমার কান্না আসে। আমার স্বামী প্রবাসে থাকে। মনে হয় আমার স্বামী ও যদি এভাবে আমাদের কাছে আসত,bengali,grameenphone,GN,SUP,APO,emotional husband abroad song touches heart
165,sotti ki 99 tk I need one,romanized,shajgoj,GP,SUP,FRI,confirms price and wants to buy
328,Samsung galaxy S23+ phone Green and pink line issue came in my phone after July security patch update .now what can I do?,english,samsung,GN,COM,APO,green pink line issue after update
135,নিব কিভাবে,bengali,shajgoj,NEU,QUE,PRO,how to order query
781,বিটিভে কত দেখতাম,bengali,pran_rfl,GP,SUP,FRI,
136,Dhakai delivery charge koto,romanized,shajgoj,NEU,QUE,PRO,delivery charge query
95,পুরো গানের অপেক্ষায় দেশবাসী,bengali,grameenphone,GP,SUP,FRI,waiting for full song
176,5 ti products Nile combo te ki ki takce?,romanized,shajgoj,NEU,QUE,PRO,combo contents query
754,"চকলেট টা আসলে অনেক মজার ছিল সব সময় খেতাম, আহা শৈশব 😢",bengali,pran_rfl,GP,SUP,FRI,
812,সোনালী অতীত,bengali,pran_rfl,GP,SUP,FRI,
43,একেই বলে মানবতা,bengali,prothomalo,NEU,QUE,PRO,neutral question
336,নেওয়া শেষ ৮/২৫৬ অনেক ভালো ফোন ২০১৬ থেকে Samsung এর সাথে আছি,bengali,samsung,GP,SUP,FRI,bought 8/256 good phone since 2016
408,bhai matha nosto jersy,romanized,jerseys,ANG,CRI,PRO,ashamed to tell price angry
17,আপনারা ভিডিও করছেন ঠিক আছে এরপর একটু ব্যবস্থা করতেন।যদি করে থাকেন তাহলে ধন্যবাদ।,bengali,prothomalo,PA,CRI,PRO,polite but loaded media criticism
362,আমার বন্ধু অর্ডার দিয়েছিল একটা হাপ্পা পাইছে🤣 হুদাই বলছি! 🤣😑,bengali,tushar_imran,SAR,TRO,IGN,friend got happha empty box joke
419,একটা বিষয় দেখে অনেক ভালো লাগলো একই সংসদে আগে যারা ছিল তারা নেই জায়গায় এ কি শুধু মালিকানা চেঞ্জ।😃,bengali,tarique_rahman,GP,SUP,FRI,Hasnaat enough to shake Chuppu
14,সরকার এর পদক্ষেপ নেওয়া খুবই জরুরি মানুষই দেশ মানুষই পৃথিবী মানুষই ধর্ম।,bengali,prothomalo,CON,CRI,PRO,calls for government action
149,Expiry date ki ses tai offer deccan,romanized,shajgoj,CON,QUE,PRO,asking if expired product on offer
475,"এই দেশে আমরা যখন রাস্তায় বের হই, যু'দ্ধের ময়দানের মতো জীবনের শঙ্কা নিয়েই বের হই।",bengali,ahmadullah,CON,CRI,PRO,roads in BD like death traps war-like casualty
431,যদি কথা কাজে মিল থাকে আশা করি ভালো একটা বাংলাদেশ উপহার দেবে এই সংসদীয় নেতারা,bengali,tarique_rahman,SAR,TRO,IGN,harlei nasir pattern win/lose sarcasm
547,ও শুধু গাঁজা নাহ ইয়াবাও খায়,bengali,channel24_entertainment,ANG,CRI,IGN,disappointed fan
377,Online e jugajug Korte cai,romanized,irani_jewellery,NEU,QUE,PRO,how to contact online
391,বদমায়েশের কীর্তি দেখে ভালো লাগেনা।।। আমি এখন পর্যন্ত দুই (২)বার অর্ডার কনফার্ম করেছি এখনো কোন প্রডাক্ট হাতে পাইনি।।।কয় মাস সময় লাগে আপনার প্রডাক্ট হাতে পেতে।।।,bengali,fit_n_hot,ANG,COM,APO,badmayeshi 2 times confirmed no product
350,Fake unboxing,english,tushar_imran,GN,COM,APO,fake unboxing
582,সামিয়া অথৈ মোটেও মিথ্যা বলে নাই। তানজিন তিশা সত্যিই নেশাগ্রস্থ।,bengali,channel24_entertainment,SAR,TRO,IGN,disappointed fan
8,রাষ্ট্র প্রধানের উচিৎ গরীব দুঃখী মানুষের পাশে দারানো।,bengali,prothomalo,CON,CRI,PRO,civic duty reminder
665,দয়াকরে কেউ এদের ফাঁদে পড়েন না,bengali,pran_rfl,CON,CRI,PRO,
274,মনে প্রানে ইন্ডিয়া ধারন করে তার প্রমান দিলো,bengali,bangladesh_cricket,SAR,TRO,IGN,sarcastic India supporter proof
739,"Tarique Rahman শাসক পরিবর্তনের জন্য জুলাই হয়নি, শাসন পরিবর্তনের জন্য জুলাই হয়েছে।",bengali,yunus_farewell,CON,CRI,PRO,
831,আহারে কত দেখলাম।😢,bengali,pran_rfl,GP,SUP,FRI,
430,শিবিরের ডান হাত এন চি পি এবং জামাত এই দেশ বিরোধী শক্তি এখন থেকেই দেশের উন্নয়নের পথে বাধার বিভিন্ন পথ বা কৌশল অবলম্বন করে বিএনপি সরকারকে সঠিক ভাবে দেশ পরিচালনায় প্রতিবন্ধকতা সৃষ্টি করছে,bengali,tarique_rahman,GP,SUP,FRI,long awaited first session excited
237,মেহেদির মতো টোকাই যখন ক্রিকেটার হয়! তাও যদি এই ম্যাচ ওয়ার্ল্ডকাপের মতো টুর্নামেন্টের সেমিফাইনাল কিংবা ফাইনাল হতো মেনে নেয়া যেতো!,bengali,bangladesh_cricket,ANG,CRI,IGN,criticism only acceptable in big tournament
366,🧐 প্রমশন করতাছে ভাই😃,bengali,tushar_imran,SAR,TRO,IGN,promotion kortache bhai
312,Thanks miraz for making pajeets happy,english,bangladesh_cricket,SAR,TRO,IGN,Bangladesh unsportsmanlike observation
555,মিডিয়া দেশের মানুষকে বিনোদন দিবে ভালো কথা কিন্তু এইভাবে টর্চার দেয়ার কারন কি ভাই ইদানিং দেখছি বিনোদন জগতে পাগল ছাগল গাঞ্জাখোর হিরনচি লুচ্চা লাফাঙ্গা দিয়া ভইরা গেছে,bengali,channel24_entertainment,GN,CRI,APO,disappointed fan
389,"Video te bole akta hoy arek ta,, bole 750 Order dite gesi confirm kore bole total 1500,,, Natok kom koro pio tomader ai sob projoyon nei",romanized,fit_n_hot,ANG,COM,APO,video says 750 but they charge 1500 drama
564,যা বলছে সত্যি বলছে তুমি কেমন সবাই জানে।,bengali,channel24_entertainment,SAR,TRO,IGN,disappointed fan
788,প্রান মিল্ক ক্যান্ডি ইয়া ইয়া ও 😂,bengali,pran_rfl,GP,SUP,FRI,
287,গলির ক্রিকেটাররা যখন ইন্টারন্যাশনাল ম্যাচ খেলতে আসে!,bengali,bangladesh_cricket,SAR,TRO,IGN,gully cricketers in international match
792,এটা শুনে সকালে ঘুম থেকে উঠে পরতাম।,bengali,pran_rfl,GP,SUP,FRI,
41,যোগাযোগ এর সুযোগ থাকলে জানাইয়ন,bengali,prothomalo,ANG,CRI,PRO,angry at politicians
466,"এটা নিয়ে কোনো নিউজ নেই, কোনো কথা নেই, কারন গাড়িটা ছিলো সেনাবাহিনীর। সো এ দেশে আইনের চোখ বন্ধ।",bengali,ahmadullah,ANG,CRI,PRO,no news no talk navy bus law is blind
7,আমার তো মনে হচ্ছে তিন না খেয়ে হইলেও তারে খাবার দেই,bengali,prothomalo,GP,SUP,FRI,empathetic desire to help
269,This is Real Bangali brilliant run out?,english,bangladesh_cricket,SAR,TRO,IGN,real Bangali brilliant runout
616,পুরাই আগুন 🔥🔥 সিনেমা হল কাপাবে এবার কিং খানের প্রিন্স 🔥🔥,bengali,shakib_khan,GP,SUP,FRI,
179,কি কি থাকবে প্রাইজ কতো হবে?,bengali,shajgoj,NEU,QUE,PRO,combo contents and price
646,Vfx goliya felse😂 Look vhlo laglo na Toofan look best chilo,romanized,shakib_khan,GN,CRI,APO,
307,kheli jitte na parle to emon kaistami korte hobe,romanized,bangladesh_cricket,SAR,TRO,IGN,cannot win so cheats
471,"বাংলাদেশে সড়ক দুর্ঘটনা, খুন, ধর্ষণ, হত্যা, ছিনতাই - সহজলভ্য বিষয়",bengali,ahmadullah,ANG,CRI,PRO,road accident homicide violence all easy in BD
510,এই মহানায়িকাকে এক সময় পছন্দ করতাম,bengali,channel24_entertainment,PA,CRI,PRO,disappointed fan
323,Al Sahaf abr neya ne 🙃,romanized,samsung,SAR,TRO,IGN,Al Sahaf abr neya ne sarcastic
250,Salman thought it was a brotherhood charity match well played Mehdi,english,bangladesh_cricket,SAR,TRO,IGN,Salman thought charity match
686,জাতি আপনাকে পুনরায় খোজবে...দেশ ও জাতির কল্যাণে আঠারো মাসে আপনার অবদান অসীম,bengali,yunus_farewell,GP,SUP,FRI,
683,"দেশের দূর সময় পাশে এসে দাড়ানো মানুষ আপনি। মনে পড়বে অনেক, মনে রাখবো আপনাকে।",bengali,yunus_farewell,GP,SUP,FRI,
240,Kisu abal ekhn abeg dekhabe! Oitah leagl out ei hoise eikhane emotion er kisu nai.,romanized,bangladesh_cricket,ANG,TRO,IGN,legal out no need for emotion
420,আগে সংসদ টিভির মধ্যে দেখলে রাগ উঠতো এখন কেনো জানি ভালো লাগে,bengali,tarique_rahman,GP,SUP,FRI,love for Tarique Rahman
247,Dogs will be dogs and dogs will appreciate them,english,bangladesh_cricket,ANG,TRO,IGN,dogs will be dogs
816,"ইইয়া, ইইয়াওওওও 😁",bengali,pran_rfl,GP,SUP,FRI,
464,"বাসটি নৌবাহিনীর, তাই বলে কোন মিডিয়া নিউজ করেনি!!",bengali,ahmadullah,ANG,CRI,PRO,navy bus not reported by any media
618,"সব ঠিক আছে সুন্দর, কিন্তু মুভি রিলিজ করার মিনিমাম ২ মাস আগ থেকে গান, টিজার, ট্রেলার দেয়া উচিৎ তাহলে আরো ভালো হাইপ উঠবে",bengali,shakib_khan,CON,CRI,PRO,
798,২০০৮ সালে এ্যন্টেনিয়ারে এই এড দেখতাম ❤️❤️,bengali,pran_rfl,GP,SUP,FRI,
54,ভিডিওটা দেখে কেমন যেন নিজের অজান্তেই গভীরভাবে কষ্ট পেলাম 😓😓,bengali,prothomalo,ANG,CRI,PRO,angry at government failure
203,মিমির থেকে আমার কথা শুনে আমাকে ক্যাশ অনে দিও,bengali,anayas_collection,GP,SUP,FRI,product appreciation
516,চেহারা যেই হাল দেখা যাচ্ছে গাজার সাথে মনে হয় অইটাও খায়,bengali,channel24_entertainment,GN,TRO,IGN,disappointed fan
333,samsung এর কি কি Water prove ফোন আছে সেই ফোনগুলো একটা তালিকা দিবেন,bengali,samsung,CON,QUE,PRO,water proof models list request
520,আপনি মনে হয় পায়খানা করে পানি খরচ করেননি তাই আপনার কাছ থেকে গন্ধ পেয়েছে।,bengali,channel24_entertainment,ANG,CRI,IGN,disappointed fan
685,ইতিহাস আপনাকে মনে রাখবে একজন মহানায়ক হিসেবে। দেশের এই ক্রান্তিলগ্নে আপনার উপস্থিতি আমাদের আশা জাগিয়েছিল।,bengali,yunus_farewell,GP,SUP,FRI,
498,Ki mehedi bikri koren massage dile reply koren na shei shoakle massage dise akhon dupur hoye gese Kono reply nai,romanized,budget_beauty,ANG,COM,APO,no reply since morning angry customer
723,তারা তারি চলে যাও,bengali,yunus_farewell,ANG,TRO,IGN,
713,রোহিঙ্গারা কোন রমজানের পরে মায়ানমার যাবে সেটা বলে দিলে ভালো হয়😁,bengali,yunus_farewell,SAR,TRO,IGN,
47,Emon kaj kmne kore.. Ekta packet diya dile ki hoito?,mixed,prothomalo,ANG,CRI,PRO,angry rant
833,শৈশবের কথা মনে হলো।,bengali,pran_rfl,GP,SUP,FRI,
305,Bangali show is original image,english,bangladesh_cricket,SAR,TRO,IGN,showing original image
757,আমার প্রিয় চকলেট ছিলো সারাক্ষণ চুষতাম😵 সেই দিন গুলো আর কখনো পাবনা,bengali,pran_rfl,GP,SUP,FRI,
712,হয়ত কয়েক দিনের মধ্যে বাংলাদেশের সবচেয়ে নিকৃষ্ট শাসক চলে যাচ্ছেন।,bengali,yunus_farewell,SAR,TRO,IGN,
504,আমার ইমোশনাল,bengali,budget_beauty,NEU,SUP,FRI,emotional eid feelings
745,তামাশা,bengali,yunus_farewell,SAR,TRO,IGN,
185,দাম?,bengali,anayas_collection,NEU,QUE,PRO,product or service query
352,"আপনারা ভাই কন্টেন্ট ক্রিয়েটর, অইগুলা আপনাদের ফ্রি তে দিবে। এইটা দেখে আমাদের মতো সাধারণ পাবলিক যখন অর্ডার করবে তখন ৬ টা বক্সের মধ্যে ৫ টা বক্সই খালি থাকবে। আর বাকি একটায় থাকবে দুই- আড়াইশ টাকা দামের কিছু একটা।",bengali,tushar_imran,ANG,CRI,PRO,detailed complaint about fake mystery box
