comment,true_emotion,pred_emotion,confidence,correct
গাজা খায় কিনা সেটা সিউর না বাট বাবা খায় এটা সিউর,SAR,GP,0.537,False
Ai bedire dekhle aamr bumi ashe,ANG,GP,0.536,False
তোমাকে দেখলেই নেশাখোর মনে হয়,GN,GP,0.536,False
তুমি গাঁজা না খেলেও ছেলে খাস,SAR,GP,0.536,False
"""The Prophet ﷺ said: He is not a believer whose stomach is filled while his neighbour goes hungry. Al-Adab Al-Mufrad 112""",GN,GP,0.536,False
তানজিন তিশার চেহারা খারাপ হয়েছে এতে বোঝা যায় সে কিছু একটা নেশা করে,GN,GP,0.536,False
দেখলে মনে হয় সবাই এক সাথে গাঁজা খায়,SAR,GP,0.535,False
অন্য নাম্বারের সাথে মিল রেখে কাস্টমাইজড করে কি সিম নেওয়া যাবে,NEU,GP,0.535,False
পাশের সবাই পেইড এটা বুঝায় যাচ্ছে তার চেহারা দেখে এটাও বুঝা যায় সে কত বড় গাজা খোর।,SAR,GP,0.535,False
আমি একটা গলায় কিক বানাতে চাই স্বর্ণের ডিজাইন কত টাকা পড়বে,CON,GP,0.535,False
এখানে যদি বাংলাদেশ ব্যাটিং করতো তাহলে আমরা কি বলতাম?,CON,GP,0.534,False
সেই গদবাধা লুক আর একশনের মারপ্যাচের কাহিনি। রিয়েল কাহিনির raw Feel দিতে পেরেছে আফরান নিশোর দম সিনেমার টিজার।,GN,GP,0.534,False
গাদ্দার ইউনুস,ANG,GP,0.534,False
আপনারা দুই নাম্বারের ব্যবসা শুরু করছেন,ANG,GP,0.534,False
এমন দৃশ্য দেখলে জীবনের উপর যত অভিযোগ আছে তা নিমিষেই দূর হয়ে যায়😪,CON,GP,0.534,False
অর্ডার করলাম আজকে দুইদিন কোন ফোনও পাইলাম না অর্ডার টা কি কনফার্ম হইলো কিনা তাও জানলাম না,ANG,GP,0.534,False
দুইবার অর্ডার দিছি প্যান্ট এখনো পাই নাই,ANG,GP,0.534,False
আপু আপনার কয়টা বাচ্চা,NEU,GP,0.534,False
Hindi serial er bgm lagay dilo last 10 sec e!😂,SAR,GP,0.534,False
আহা কি সাধু ডিরেক্টর রমজান মাস আহা। সেটের মধ্যে ঝামেলা মিটাইতে পারলেন না কিসের ডিরেক্টর তুমি,GN,GP,0.534,False
আজকের এই দৃশ্য কি হাসু আপা দেখতেছে 😁,ANG,GP,0.534,False
সব গুলই খড় লাগাসে,GN,GP,0.534,False
Sharmin Bithi sir apnk onk respect kori...apni last e jeta korlen bnp k...vote Engineering kore...july biplobi andon karider ki hobe ekbar o ki vebe dekhecen,PA,GP,0.534,False
নামাজ পরুন,NEU,GP,0.534,False
বয়স্কভাতা বেশি বেশি দেওয়ার নিউজ করে সচেতনতা বাড়ান 🥹,CON,GP,0.534,False
আপু জামার রং বুঝতে পারচিনা,CON,GP,0.534,False
এইসব চাকরিতে স্টার্টিং এ বেতন কতো?,NEU,GP,0.533,False
লুক ভালো লাগলো না বস 🙂 তুফান এর লুক টা কড়া ছিলো 🫶😎,GN,GP,0.533,False
এই মেয়েটা নষ্ট হয়ে গেছে একটা সময় অনেক পছন্দ করতাম কিন্তু এখন তাকে বিভিন্ন স্ক্যান্ডালে জড়িয়ে পরতে দেখছি,GN,GP,0.533,False
আমি ফ্রি নিতে চাই,NEU,GP,0.533,False
৩০ দিন করলে ভালো হবে,CON,GP,0.533,False
Mahathir Mohammed tor okater bayre,SAR,GP,0.533,False
"টিজার জমলো না, ঘুরিয়ে প্যাচিয়ে মনে হচ্ছে সেই তুফানের টিজারই দেখলাম..",GN,GP,0.533,False
দেশটাকে 50 বছর পিছিয়ে দিয়ে গেলেন,ANG,GP,0.533,False
বৃদ্ধ শিশু গর্ভবতী নারী ও প্রতিবন্ধীদের জন্য জরুরী সেবা প্রদান নিশ্চিত করা না হলে আসলে তা কখনও সেবা হিসেবে গন্য হয়না,CON,GP,0.533,False
"আহ জীবন, কোনো নিসচয়তা নেই।",GN,GP,0.533,False
"Vai apnara ay exam diyan na,,ata akta faltu cakri,,ara bola akta kora r akta,,ader kono sothek noiyom nai,,kothar o thek nai",ANG,GP,0.533,False
মাত্র হাতে পেলাম অনেক সুন্দর একটা প্রোডাক্ট,NEU,GP,0.533,False
বিস্তারিত ঠিকানা ফোন নাম্বার দিলে ভালো হত।,CON,GP,0.533,False
আহা সেই কল সেন্টারের দিনগুলো। রোজার ইফতারের মাঝখানেও কল। ঈদের দিনেও ছিলো ডিউটি,GN,GP,0.533,False
Joke of the year,SAR,GP,0.533,False
ata ki available please reply dear,NEU,GP,0.533,False
এত গুলা হত্যার একটাও বিচার করলেন না।,ANG,GP,0.533,False
মিডিয়ার সবগুলোই নেশাখোর,GN,GP,0.533,False
বইন তুই মাল খুর বহু আগের থিকা ই,SAR,GP,0.532,False
মুরুব্বি সমাজের গান 😂,SAR,GP,0.532,False
"শাহাবুদ্দিন চুপ্পু অনেকটা পানির মতো, যার নিজস্ব কোনো রং নাই, যে পাত্রে যায় তার রং ধারণ করে",SAR,GP,0.532,False
"পোস্ট একটা দিলেন, মানে দেয়ার দরকার তাই দিলেন। স্থানীয় জনসাধারণের মতে ঐ রুটে নৌবাহিনী গাড়ি গুলো অত্যন্ত রাফলি চালায়। সেটা নিয়ে তো কিছু বললেন না।",PA,GP,0.532,False
তো দেশ এখন মেট্রোরেল হইছে ভূ---------ম সেই গতি,SAR,GP,0.532,False
তাদের উচিত শুধু বৃদ্ধদের জন্য আলাদা একটি লাইন করে দেওয়া,CON,GP,0.532,False
কাকু দেশের মানুষের টাকায় যে তুমি গ্রামীন ব্যাংকের কর মওকুফ করে দিলা এখন দেশের মানুষের কি হবে,ANG,GP,0.532,False
"কতো টাকা দালালি খেয়ে ভিডিওটা পাবলিশ করছো?? তোমার দালালির কারণে কতো মানুষের পকেট কাটা যাবে, সেটা কি একবার ভাবছো??",ANG,GP,0.532,False
অথচ আমরা এত কিছু পেয়েও সন্তুষ্ট না 😪,CON,GP,0.532,False
Apu tmr moto amr uporar layer ta hy nh kno,CON,GP,0.532,False
শেষ ভালো যার সব ভালো তার আপনার শেষটা ভালো ছিলোনা বিশেষ করে নির্বাচন টা,GN,GP,0.532,False
শোরুম কোথায়?,NEU,GP,0.532,False
That was brilliant run out? Seriously,SAR,GP,0.532,False
দলীয় মতভেদ থাকবেই তার মানে এই নয় যে সবার কথাই ভিত্তিহীন। নতুন বাংলাদেশ বিনির্মানের প্রত্যাশায় সবার জন্য শুভ কামনা,ANG,GP,0.532,False
ডেলিভারি চার্জ কত,NEU,GP,0.532,False
এত বড় একটা মেশিন গান এক হাতে লইয়া যাইতাচে কি শক্তি😂😂😂😂,SAR,GP,0.532,False
থাক এমনি দোকানে ২০০ দিয়ে পাওয়া যায় ৫০ টাকা কমাতে গিয়ে ডেলিভারি চার্জ ৭০ দেওয়া বিলাসিতা,SAR,GP,0.532,False
Brothers are separated after only second match,SAR,GP,0.532,False
মানুষ গো এভাবে ঠকায় না বুঝছেন,ANG,GP,0.532,False
সব দেশে নাকি শুধু বাংলাদেশে,CON,GP,0.532,False
"We lost you because of some selfish people, but my respect for you will always remain in my heart",GN,GP,0.532,False
Vai Dinajpur a kotai exam hoi janan kau?,NEU,GP,0.532,False
১১ বছর বাচ্চা ইউজ করতে পারবে?,NEU,GP,0.532,False
এখানে হায়াতের কথা তুলবো নাকি এইযে অনিরাপদ ব্যবস্থাপনা?,CON,GP,0.532,False
ফ্যাসিবাদের পথে চলেন না,ANG,GP,0.532,False
আমি এই অফারটা নিতে চাচ্ছি। তো আমার প্রশ্ন হলো ১২৯৯ টাকায় ৮+৮= ১৬ পিস ক্রিস্পি বাকেট পাবো। এখন আমি এই অফারটা নিলে কি ১২৯৯ টাকার দুইটা বাকেট পাবো মানে ১৬+১৬ টোটাল ৩২ টা। আমাকে ক্লিয়ার করেন।,NEU,GP,0.532,False
আগামীকাল বৃহস্পতিবার ১৯ তারিখ কি কোন লিখিত ভাইভা পরীক্ষা আছে? পদের নাম সাব এসিস্ট্যান্ট ইঞ্জিনিয়ার ডিপ্লোমা ইন কম্পিউটার।,NEU,GP,0.532,False
Ki ki thakbe?,NEU,GP,0.531,False
বিএনপি এককালীন ক্ষমতায় থাকতে চাচ্ছেন এজন্য সংস্কার সংবিধানে সাইন করছে না আওয়ামীলীগ কপি।,ANG,GP,0.531,False
Uner kono khoj pawa gele janaben pls 🙏,NEU,GP,0.531,False
Two cunning brothers playing a cunning cricket match,SAR,GP,0.531,False
৬০ বছরের বেশি বয়স হইলে কোন কিছুর মধ্যে বুড়ো লোকের লাইন লাগে না৷ বিদেশে সব জায়গায় ভিআইপি হিসাবে চলে যায়৷ আর বাংলাদেশের অবস্থা হলো গায়ের জোর যার বেশি সেই সব৷,ANG,GP,0.531,False
Pakistani team was doing drama in t20 world cup for bangladesh,GN,GP,0.531,False
আপনাদের এই পেইজটি কি অফিসিয়াল।,NEU,GP,0.531,False
বাবা খাইছে এটা বুঝা যাচ্ছে,SAR,GP,0.531,False
Mane ki 149 tk 2 ta?,NEU,GP,0.531,False
পাকিস্তানের প্লেয়ারের চাইতে একটা দর্শক ক্রিকেট খেলার নিয়ম সম্বন্ধে ভালো জানে,SAR,GP,0.531,False
Kivabe kombo make korbo,NEU,GP,0.531,False
2ta nile ki 499tk ? bujhinai bisoita!,NEU,GP,0.53,False
বাটপারি 😗,GN,GP,0.53,False
ছোটলোক!,ANG,GP,0.53,False
And they criticized Ashwin,SAR,GP,0.53,False
6/7 ta dress nibo apo,NEU,GP,0.53,False
Compared with many other cricket-playing nations Bangladesh sometimes approaches the game in an unsportsmanlike manner lacking discipline traditionally associated with cricket.,SAR,GP,0.53,False
Unemployment rate in Bangladesh at its peak,SAR,GP,0.53,False
ডেলিভারি চার্জ কত সারা দেশে?,NEU,GP,0.53,False
কেমনে সম্ভব ৯৯ টাকায়?,CON,GP,0.529,False
"এইগুলো সরকার ভাবে না, সাধারণ মানুষরাই এই কষ্ট পায়, বাংলাদেশে আইন যারা রক্ষা করবে তারাই হচ্ছে টাকার পাগল",ANG,GP,0.529,False
When traitor meets traitor,SAR,GP,0.529,False
No need to wonder. This is real Bangladesh cricket,SAR,GP,0.529,False
কিন্তু জনগণের রায়কে পুর্নাঙ্গ রুপ দিতে পারলেন না।,GN,GP,0.529,False
Dhaka delivery charg koto,NEU,GP,0.509,False
